スポット勤務日,病院名,住所1,住所2,住所3,病床数合計,希望科目,勤務時間,希望曜日,給与：円
2021/02/20,溝の口駅前皮膚科,神奈川県,川崎市高津区,溝口 2-9-12 マルヒロビル6-2階,,皮膚科形成外科,9：30〜14：00（受付終了13：30）,土,50000
2021/02/09,溝の口駅前皮膚科,神奈川県,川崎市高津区,溝口 2-9-12 マルヒロビル6-2階,,皮膚科形成外科,15：00〜18：30（受付終了18：00）,火,45000
2021/02/13,医療法人社団　苑田会　苑田第一病院,東京都,足立区,竹の塚4-1-12,221,脳神経外科,17：00〜翌9：00,土,70000
2021/03/23,医療法人社団　ナイズ　キャップスクリニック北葛西,東京都,江戸川区,北葛西 5-15-2,,小児科健診、検診、人間ドック,18：00〜20：00（受付終了19：45）,火,21000
2021/03/17,一般社団法人 日本健康倶楽部　沖縄支部沖縄県 那覇市,東京都,江戸川区,北葛西 5-15-2,,小児科健診、検診、人間ドック,18：00〜20：00（受付終了19：45）,水,21000
2021/03/31,医療法人社団　ナイズ　キャップスクリニック北葛西,東京都,江戸川区,北葛西 5-15-2,,一般内科健診、検診、人間ドック,9：00〜13：00（受付終了12：45）,水,40000
2021/02/08,医療法人社団　苑田会　苑田第一病院,東京都,足立区,竹の塚4-1-12,221,一般内科,13：30〜17：00,月,40000
2021/02/15,医療法人社団　苑田会　苑田第一病院,東京都,足立区,竹の塚4-1-12,221,一般内科,13：30〜17：00,月,40000
2021/02/05,埼玉医療生活協同組合　羽生総合病院,埼玉県,羽生市,下岩瀬446,311,人工透析一般内科,9：00〜22：00,金,120000
2021/02/22,医療法人社団　苑田会　苑田第一病院,東京都,足立区,竹の塚4-1-12,221,一般内科,18：00〜翌祝9：00,月,70000
2021/02/28,医療法人社団　苑田会　苑田第一病院,東京都,足立区,竹の塚4-1-12,221,一般内科,9：00〜18：00,日,60000
2021/02/08,医療法人社団 貞栄会 三田在宅診療クリニック東京都 港区（最寄：大江戸線 「赤羽橋駅」ほか）dsfsdfdgdfgdfgdfgstgyreyttryhrthfgh5reyut54y,千葉県,船橋市,山手1-1-8 イオンモール船橋1階,,整形外科,9：30〜13：00,月,45000
2021/02/08,埼玉医療生活協同組合　羽生総合病院,埼玉県,羽生市,下岩瀬446,311,一般内科一般外科その他,9：00〜19：00,月,100000
2021/02/22,埼玉医療生活協同組合　羽生総合病院,埼玉県,羽生市,下岩瀬446,311,一般内科一般外科その他,9：00〜19：00,月,100000
2021/02/20,医療法人社団新穂会 町屋皮フ科クリニック東京都 荒川区（最寄：東京メトロ千代田線・京成線 「町屋駅」）,東京都,国立市,中1-10-9 麒麟館ガーデン2F,,皮膚科,9：00〜13：00（受付終了13：00）,土,40000
2021/02/27,医療法人社団　青翠会　武蔵野皮フ科クリニック　国立分院,東京都,国立市,中1-10-9 麒麟館ガーデン2F,,皮膚科,9：00〜13：00（受付終了13：00）,土,40000
2021/02/08,かとう内科クリニック,神奈川県,秦野市,南矢名 1-15-3-1,,皮膚科,9：00〜12：00（受付終了12：00）,月,42000
2021/02/15,かとう内科クリニック,神奈川県,秦野市,南矢名 1-15-3-1,,皮膚科,9：00〜12：00（受付終了12：00）,月,42000
2021/02/22,医療法人 横尾病院長崎県 諫早市,神奈川県,秦野市,南矢名 1-15-3-1,,皮膚科,9：00〜12：00（受付終了12：00）,月,42000
2021/03/01,医療法人社団　愛宝会　浜田山病院,東京都,杉並区,浜田山4-1-8,48,一般内科,9：00〜18：00（受付終了17：00）,月,80000
2021/03/22,医療法人社団　愛宝会　浜田山病院,東京都,杉並区,浜田山4-1-8,48,一般内科,9：00〜18：00（受付終了17：00）,月,80000
2021/02/22,医療法人社団　武蔵野会　新座志木中央総合病院,埼玉県,新座市,東北 1-7-2,402,消化器内科一般内科,19：00〜翌祝9：00,月,70000
2021/02/24,医療法人社団　ナイズ　キャップスクリニック亀有,東京都,葛飾区,亀有3-26-1 リリオ館6F,0,一般内科健診、検診、人間ドック,9：00〜18：00,水,70000
2021/03/03,医療法人社団　ナイズ　キャップスクリニック亀有,東京都,葛飾区,亀有3-26-1 リリオ館6F,0,一般内科健診、検診、人間ドック,9：00〜18：00,水,70000
2021/03/05,医療法人社団　ナイズ　キャップスクリニック亀有,東京都,葛飾区,亀有3-26-1 リリオ館6F,0,一般内科健診、検診、人間ドック,9：00〜18：00,金,70000
2021/03/23,埼玉医療生活協同組合　羽生総合病院,埼玉県,羽生市,下岩瀬446,311,一般内科,9：00〜17：00,火,80000
2021/03/03,埼玉医療生活協同組合　羽生総合病院,埼玉県,羽生市,下岩瀬446,311,一般内科,9：00〜17：00,水,80000
2021/03/10,埼玉医療生活協同組合　羽生総合病院,埼玉県,羽生市,下岩瀬446,311,一般内科,9：00〜17：00,水,80000
2021/03/17,埼玉医療生活協同組合　羽生総合病院,埼玉県,羽生市,下岩瀬446,311,一般内科,9：00〜17：00,水,80000
2021/03/24,埼玉医療生活協同組合　羽生総合病院,埼玉県,羽生市,下岩瀬446,311,一般内科,9：00〜17：00,水,80000
2021/03/12,埼玉医療生活協同組合　羽生総合病院,埼玉県,羽生市,下岩瀬446,311,一般内科,9：00〜17：00,金,80000
2021/03/19,埼玉医療生活協同組合　羽生総合病院,埼玉県,羽生市,下岩瀬446,311,一般内科,9：00〜17：00,金,80000
2021/03/26,埼玉医療生活協同組合　羽生総合病院,埼玉県,羽生市,下岩瀬446,311,一般内科,9：00〜17：00,金,80000
2021/03/01,埼玉医療生活協同組合　羽生総合病院,埼玉県,羽生市,下岩瀬446,311,一般内科一般外科その他,9：00〜19：00,月,100000
2021/03/08,埼玉医療生活協同組合　羽生総合病院,埼玉県,羽生市,下岩瀬446,311,一般内科一般外科その他,9：00〜19：00,月,100000
2021/03/15,埼玉医療生活協同組合　羽生総合病院,埼玉県,羽生市,下岩瀬446,311,一般内科一般外科その他,9：00〜19：00,月,100000
2021/02/01,社会福祉法人　東京有隣会　有隣病院,東京都,世田谷区,船橋2-15-38,251,一般内科,18：00〜翌8：00,月,40000
2021/02/15,社会福祉法人　東京有隣会　有隣病院,東京都,世田谷区,船橋2-15-38,251,一般内科,18：00〜翌8：00,月,35000
2021/03/15,医療法人社団　苑田会　苑田第三病院,東京都,足立区,伊興本町2-5-10,117,一般外科一般内科,13：00〜19：00,月,60000
2021/03/29,医療法人社団　苑田会　苑田第三病院,東京都,足立区,伊興本町2-5-10,117,一般外科一般内科,13：00〜19：00,月,60000
2021/03/24,医療法人　横浜未来ヘルスケアシステム　戸塚共立あさひクリニック,神奈川県,横浜市戸塚区,"戸塚町116-15 C.I,スクエア2F",,皮膚科,9：00〜17：30（受付終了17：00）,水,75000
2021/03/25,医療法人　横浜未来ヘルスケアシステム　戸塚共立あさひクリニック,神奈川県,横浜市戸塚区,"戸塚町116-15 C.I,スクエア2F",,皮膚科,9：00〜13：00（受付終了12：00）,木,40000
2021/03/01,医療法人社団　千葉白報会　総合クリニック　ドクターランド船橋（外来）,千葉県,船橋市,山手1-1-8 イオンモール船橋1階,,整形外科,9：30〜13：00,月,45000
2021/03/08,医療法人社団　千葉白報会　総合クリニック　ドクターランド船橋（外来）,千葉県,船橋市,山手1-1-8 イオンモール船橋1階,,整形外科,9：30〜13：00,月,45000
2021/03/22,医療法人社団　千葉白報会　総合クリニック　ドクターランド船橋（外来）,千葉県,船橋市,山手1-1-8 イオンモール船橋1階,,整形外科,9：30〜13：00,月,45000
2021/03/29,医療法人社団　千葉白報会　総合クリニック　ドクターランド船橋（外来）,千葉県,船橋市,山手1-1-8 イオンモール船橋1階,,整形外科,9：30〜13：00,月,45000
2021/02/15,埼玉医療生活協同組合　羽生総合病院,埼玉県,羽生市,下岩瀬446,311,一般外科,9：00〜19：00（受付終了18：30）,月,100000
2021/03/15,埼玉医療生活協同組合　羽生総合病院,埼玉県,羽生市,下岩瀬446,311,一般外科,9：00〜19：00（受付終了18：30）,月,100000
2021/03/01,医療法人社団　苑田会　苑田第一病院,東京都,足立区,竹の塚4-1-12,221,一般内科,19：00〜翌7：00,月,60000
2021/03/07,医療法人社団　苑田会　苑田第一病院,東京都,足立区,竹の塚4-1-12,221,一般内科,9：00〜18：00,日,60000
2021/03/28,医療法人社団　苑田会　苑田第一病院,東京都,足立区,竹の塚4-1-12,221,一般内科,9：00〜18：00,日,60000
2021/03/30,医療法人社団　苑田会　苑田第一病院,東京都,足立区,竹の塚4-1-12,221,一般内科一般外科その他,19：00〜23：00,火,40000
2021/03/01,医療法人社団　苑田会　苑田第一病院,東京都,足立区,竹の塚4-1-12,221,一般内科一般外科その他,9：00〜17：00,月,80000
2021/03/08,医療法人社団　苑田会　苑田第一病院,東京都,足立区,竹の塚4-1-12,221,一般内科一般外科その他,9：00〜17：00,月,80000
2021/03/15,医療法人社団　苑田会　苑田第一病院,東京都,足立区,竹の塚4-1-12,221,一般内科一般外科その他,9：00〜17：00,月,80000
2021/03/22,医療法人社団　苑田会　苑田第一病院,東京都,足立区,竹の塚4-1-12,221,一般内科一般外科その他,9：00〜17：00,月,80000
2021/03/29,医療法人社団　苑田会　苑田第一病院,東京都,足立区,竹の塚4-1-12,221,一般内科一般外科その他,9：00〜17：00,月,80000
2021/03/09,医療法人社団　苑田会　苑田第一病院,東京都,足立区,竹の塚4-1-12,221,一般内科一般外科その他,9：00〜17：00,火,80000
2021/03/23,医療法人社団　苑田会　苑田第一病院,東京都,足立区,竹の塚4-1-12,221,一般内科一般外科その他,9：00〜17：00,火,80000
2021/03/01,医療法人社団　苑田会　苑田第一病院,東京都,足立区,竹の塚4-1-12,221,一般内科,13：30〜17：00,月,40000
2021/03/08,医療法人社団　苑田会　苑田第一病院,東京都,足立区,竹の塚4-1-12,221,一般内科,13：30〜17：00,月,40000
2021/03/15,医療法人社団　苑田会　苑田第一病院,東京都,足立区,竹の塚4-1-12,221,一般内科,13：30〜17：00,月,40000
2021/03/22,医療法人社団　苑田会　苑田第一病院,東京都,足立区,竹の塚4-1-12,221,一般内科,13：30〜17：00,月,40000
2021/03/29,医療法人社団　苑田会　苑田第一病院,東京都,足立区,竹の塚4-1-12,221,一般内科,13：30〜17：00,月,40000
2021/03/11,医療法人社団　苑田会　苑田第一病院,東京都,足立区,竹の塚4-1-12,221,一般内科,9：00〜17：00,木,80000
2021/03/18,医療法人社団　苑田会　苑田第一病院,東京都,足立区,竹の塚4-1-12,221,一般内科,9：00〜17：00,木,80000
2021/03/25,医療法人社団　苑田会　苑田第一病院,東京都,足立区,竹の塚4-1-12,221,一般内科,9：00〜17：00,木,80000
2021/03/10,医療法人社団　苑田会　苑田第一病院,東京都,足立区,竹の塚4-1-12,221,脳神経外科,19：00〜翌7：00,水,60000
2021/03/17,医療法人社団　苑田会　苑田第一病院,東京都,足立区,竹の塚4-1-12,221,脳神経外科,19：00〜翌7：00,水,60000
2021/03/31,医療法人社団　苑田会　苑田第一病院,東京都,足立区,竹の塚4-1-12,221,脳神経外科,19：00〜翌7：00,水,60000
2021/03/07,医療法人社団　苑田会　苑田第一病院,東京都,足立区,竹の塚4-1-12,221,脳神経外科,18：00〜翌7：00,日,77000
2021/03/13,医療法人社団　苑田会　苑田第一病院,東京都,足立区,竹の塚4-1-12,221,脳神経外科,17：00〜翌9：00,土,70000
2021/04/01,医療法人財団　健愛会　健愛クリニック,東京都,足立区,千住曙町37-8,,一般内科糖尿病内科,14：00〜17：00,木,35000
2021/04/15,医療法人財団　健愛会　健愛クリニック,東京都,足立区,千住曙町37-8,,一般内科糖尿病内科,14：00〜17：00,木,35000
2021/05/06,医療法人財団　健愛会　健愛クリニック,東京都,足立区,千住曙町37-8,,一般内科糖尿病内科,14：00〜17：00,木,35000
2021/05/13,医療法人財団　健愛会　健愛クリニック,東京都,足立区,千住曙町37-8,,一般内科糖尿病内科,14：00〜17：00,木,35000
2021/05/20,医療法人財団　健愛会　健愛クリニック,東京都,足立区,千住曙町37-8,,一般内科糖尿病内科,14：00〜17：00,木,35000
2021/05/27,医療法人財団　健愛会　健愛クリニック,東京都,足立区,千住曙町37-8,,一般内科糖尿病内科,14：00〜17：00,木,35000
2021/02/11,社会福祉法人　康和会　久我山病院,東京都,世田谷区,北烏山2-14-20,199,一般内科,17：00〜翌9：00,木,60000
2021/03/14,社会福祉法人　康和会　久我山病院,東京都,世田谷区,北烏山2-14-20,199,一般内科,17：00〜翌9：00,日,60000
2021/02/20,医療法人財団　明理会　春日部中央総合病院,埼玉県,春日部市,緑町5-9-4,404,一般内科,9：00〜13：00（受付終了12：30）,土,45000
2021/02/10,医療法人財団　明理会　春日部中央総合病院,埼玉県,春日部市,緑町5-9-4,404,一般外科,19：00〜翌祝9：00,水,60000
2021/02/18,医療法人財団　明理会　春日部中央総合病院,埼玉県,春日部市,緑町5-9-4,404,一般内科,19：00〜翌7：00,木,60000
2021/02/22,医療法人財団　明理会　春日部中央総合病院,埼玉県,春日部市,緑町5-9-4,404,一般内科,19：00〜翌祝9：00,月,60000
2021/02/06,医療法人社団　ハーモニー　国領ハーモニー皮膚科,東京都,調布市,国領町3-3-20 よろずやビル1F,,皮膚科,9：30〜13：00（受付終了13：00）,土,40000
2021/02/20,医療法人社団　ハーモニー　国領ハーモニー皮膚科,東京都,調布市,国領町3-3-20 よろずやビル1F,,皮膚科,9：30〜13：00（受付終了13：00）,土,40000
2021/02/06,医療法人　沖縄徳洲会　千葉西総合病院,千葉県,松戸市,金ケ作107-1,608,一般内科,9：00〜17：00,土,110000
2021/02/17,医療法人　沖縄徳洲会　千葉西総合病院,千葉県,松戸市,金ケ作107-1,608,一般内科,9：00〜19：00,水,120000
2021/02/05,医療法人　沖縄徳洲会　千葉西総合病院,千葉県,松戸市,金ケ作107-1,608,一般内科,9：00〜19：00,金,120000
2021/02/12,医療法人　沖縄徳洲会　千葉西総合病院,千葉県,松戸市,金ケ作107-1,608,一般内科,9：00〜19：00,金,120000
2021/02/19,医療法人　沖縄徳洲会　千葉西総合病院,千葉県,松戸市,金ケ作107-1,608,一般内科,9：00〜19：00,金,120000
2021/02/26,医療法人　沖縄徳洲会　千葉西総合病院,千葉県,松戸市,金ケ作107-1,608,一般内科,9：00〜19：00,金,120000
2021/02/08,医療法人　沖縄徳洲会　千葉西総合病院,千葉県,松戸市,金ケ作107-1,608,一般内科,9：00〜19：00,月,110000
2021/02/15,医療法人　沖縄徳洲会　千葉西総合病院,千葉県,松戸市,金ケ作107-1,608,一般内科,9：00〜19：00,月,110000
2021/02/22,医療法人　沖縄徳洲会　千葉西総合病院,千葉県,松戸市,金ケ作107-1,608,一般内科,9：00〜19：00,月,110000
2021/02/02,医療法人　沖縄徳洲会　千葉西総合病院,千葉県,松戸市,金ケ作107-1,608,一般内科,9：00〜19：00,火,130000
2021/02/09,医療法人　沖縄徳洲会　千葉西総合病院,千葉県,松戸市,金ケ作107-1,608,一般内科,9：00〜19：00,火,110000
2021/02/16,医療法人　沖縄徳洲会　千葉西総合病院,千葉県,松戸市,金ケ作107-1,608,一般内科,9：00〜19：00,火,110000
2021/02/10,医療法人　沖縄徳洲会　千葉西総合病院,千葉県,松戸市,金ケ作107-1,608,一般内科,9：00〜19：00,水,110000
2021/02/17,医療法人　沖縄徳洲会　千葉西総合病院,千葉県,松戸市,金ケ作107-1,608,一般内科,9：00〜19：00,水,110000
2021/02/05,医療法人　沖縄徳洲会　千葉西総合病院,千葉県,松戸市,金ケ作107-1,608,一般内科,9：00〜19：00,金,120000
2021/02/26,医療法人　沖縄徳洲会　千葉西総合病院,千葉県,松戸市,金ケ作107-1,608,一般内科,9：00〜19：00,金,110000
2021/02/06,医療法人　沖縄徳洲会　千葉西総合病院,千葉県,松戸市,金ケ作107-1,608,一般内科,9：00〜12：00/13：00〜17：00,土,90000
2021/02/20,医療法人　沖縄徳洲会　千葉西総合病院,千葉県,松戸市,金ケ作107-1,608,一般内科,9：00〜12：00/13：00〜17：00,土,80000
2021/02/14,医療法人　沖縄徳洲会　千葉西総合病院,千葉県,松戸市,金ケ作107-1,608,一般内科,17：00〜翌8：00,日,85000
2021/02/23,医療法人　沖縄徳洲会　千葉西総合病院,千葉県,松戸市,金ケ作107-1,608,一般内科,17：00〜翌8：00,火,85000
2021/02/02,医療法人　沖縄徳洲会　千葉西総合病院,千葉県,松戸市,金ケ作107-1,608,一般内科,19：00〜翌8：00,火,80000
2021/02/16,医療法人　沖縄徳洲会　千葉西総合病院,千葉県,松戸市,金ケ作107-1,608,一般内科,19：00〜翌8：00,火,80000
2021/02/17,医療法人　沖縄徳洲会　千葉西総合病院,千葉県,松戸市,金ケ作107-1,608,一般内科,19：00〜翌8：00,水,80000
2021/02/18,医療法人　沖縄徳洲会　千葉西総合病院,千葉県,松戸市,金ケ作107-1,608,一般内科,19：00〜翌8：00,木,80000
2021/02/25,医療法人　沖縄徳洲会　千葉西総合病院,千葉県,松戸市,金ケ作107-1,608,一般内科,19：00〜翌8：00,木,80000
2021/02/10,医療法人　沖縄徳洲会　千葉西総合病院,千葉県,松戸市,金ケ作107-1,608,一般内科,19：00〜翌祝9：00,水,85000
2021/02/17,医療法人社団　長生会　長生病院,東京都,青梅市,小曾木1-3438,120,一般内科,17：00〜翌9：00,水,35000
2021/02/27,医療法人社団　千葉白報会　総合クリニック　ドクターランド松戸（外来）,千葉県,松戸市,松戸新田245-26 グリーンマークシティ2F,0,整形外科,9：30〜18：30（休憩60分）,土,100000
2021/02/27,医療法人社団 千葉白報会 総合クリニック　ドクターランド幕張（外来）,千葉県,千葉市美浜区,豊砂1-1  グランドモール 1F,,皮膚科,9：30〜18：30（休憩60分）,土,80000
2021/02/23,医療法人財団　荻窪病院,東京都,杉並区,今川3-1-24,252,一般内科,9：00〜翌7：30,火,130000
2021/03/25,医療法人　刀水会　齋藤記念病院,埼玉県,川口市,並木 4-6-6,60,一般内科,9：00〜14：00（受付終了11：30）,木,55000
2021/02/10,医療法人社団　苑田会　苑田第二病院,東京都,足立区,竹の塚4-2-17,60,一般内科,9：00〜17：00,水,80000
2021/2/10,医療法人社団　苑田会　苑田第二病院,東京都,足立区,竹の塚4-2-17,60,一般内科,9：00〜12：30,水,45000
2021/02/11,医療法人　沖縄徳洲会　千葉徳洲会病院,千葉県,船橋市,高根台 2-11-1,391,一般内科,9：00〜翌7：00,木,160000
2021/02/17,医療法人　沖縄徳洲会　千葉徳洲会病院,千葉県,船橋市,高根台 2-11-1,391,一般内科,19：00〜翌9：00,水,80000
2021/03/04,医療法人社団　苑田会　苑田第一病院,東京都,足立区,竹の塚4-1-12,221,一般内科,9：00〜17：00,木,80000
2021/03/02,医療法人社団　苑田会　苑田第一病院,東京都,足立区,竹の塚4-1-12,221,一般内科,9：00〜17：00,火,80000
2021/03/09,医療法人社団　苑田会　苑田第一病院,東京都,足立区,竹の塚4-1-12,221,一般内科,9：00〜17：00,火,80000
2021/03/16,医療法人社団　苑田会　苑田第一病院,東京都,足立区,竹の塚4-1-12,221,一般内科,9：00〜17：00,火,80000
2021/03/23,医療法人社団　苑田会　苑田第一病院,東京都,足立区,竹の塚4-1-12,221,一般内科,9：00〜17：00,火,80000
2021/02/22,医療法人社団　愛友会　三郷中央総合病院,埼玉県,三郷市,中央四丁目5番地1,289,一般内科,19：00〜翌祝9：00,月,55000
2021/02/06,医療法人社団　愛友会　三郷中央総合病院,埼玉県,三郷市,中央四丁目5番地1,289,一般内科,13：00〜（月）7：30,土,180000
2021/02/20,医療法人社団　愛友会　三郷中央総合病院,埼玉県,三郷市,中央四丁目5番地1,289,一般内科,13：00〜（月）7：30,土,180000
2021/02/04,社会医療法人　壮幸会　行田総合病院,埼玉県,行田市,持田376,504,整形外科,9：00〜18：00（受付終了17：30）（休憩60分）,木,112000
2021/02/18,社会医療法人　壮幸会　行田総合病院,埼玉県,行田市,持田376,504,一般内科その他一般外科,9：00〜18：00（休憩60分）,木,12000
2021/02/16,社会医療法人　壮幸会　行田総合病院,埼玉県,行田市,持田376,504,一般内科,9：00〜18：00（休憩60分）,火,96000
2021/02/18,社会医療法人　壮幸会　行田総合病院,埼玉県,行田市,持田376,504,一般内科,9：00〜18：00（休憩60分）,木,96000
2021/02/25,社会医療法人　壮幸会　行田総合病院,埼玉県,行田市,持田376,504,一般内科,9：00〜18：00（休憩60分）,木,96000
2021/02/19,社会福祉法人　康和会　久我山病院,東京都,世田谷区,北烏山2-14-20,199,一般内科,17：00〜翌9：00,金,55000
2021/02/23,医療法人社団　帰陽会　丹羽病院,神奈川県,小田原市,荻窪406,51,一般内科一般外科消化器内科消化器外科,18：00〜翌8：30,火,50000
2021/03/18,医療法人社団　帰陽会　丹羽病院,神奈川県,小田原市,荻窪406,51,一般内科一般外科消化器内科消化器外科,18：00〜翌8：30,木,50000
2021/02/23,医療法人社団　帰陽会　丹羽病院,神奈川県,小田原市,荻窪406,51,一般内科一般外科消化器内科消化器外科,8：30〜18：00,火,50000
2021/02/27,社会医療法人財団　城南福祉医療協会　大田病院,東京都,大田区,大森東4-4-14,189,一般外科一般内科,9：00〜17：00,土,53500
2021/02/23,社会医療法人財団　城南福祉医療協会　大田病院,東京都,大田区,大森東4-4-14,189,一般内科一般外科,17：00〜翌9：00,火,58000
2021/02/16,社会医療法人財団　城南福祉医療協会　大田病院,東京都,大田区,大森東4-4-14,189,一般内科一般外科,17：00〜翌9：00,火,48000
2021/02/10,社会医療法人財団　城南福祉医療協会　大田病院,東京都,大田区,大森東4-4-14,189,一般内科一般外科,17：00〜翌祝9：00,水,48000
2021/03/23,医療法人社団　武蔵野会　新座志木中央総合病院,埼玉県,新座市,東北 1-7-2,402,一般内科一般外科その他,10：00〜19：00,火,90000
2021/03/30,医療法人社団　武蔵野会　新座志木中央総合病院,埼玉県,新座市,東北 1-7-2,402,一般内科一般外科その他,10：00〜19：00,火,90000
2021/02/27,医療法人社団 千葉白報会 総合クリニック　ドクターランド幕張（外来）,千葉県,千葉市美浜区,豊砂1-1  グランドモール 1F,,一般内科,9：30〜18：30（休憩60分）,土,80000
2021/02/27,医療法人社団 明晃会　いなだ整形外科ひふ科,神奈川県,川崎市多摩区,菅4-3-35 セリシールミツ1F,,皮膚科,9：00〜13：00（受付終了13：00）,土,45000
2021/03/06,医療法人社団 明晃会　いなだ整形外科ひふ科,神奈川県,川崎市多摩区,菅4-3-35 セリシールミツ1F,,皮膚科,9：00〜13：00（受付終了13：00）,土,45000
2021/04/03,医療法人社団　苑田会　苑田第一病院,東京都,足立区,竹の塚4-1-12,221,一般内科一般外科その他,17：00〜翌9：00,土,120000
2021/04/24,医療法人社団　苑田会　苑田第一病院,東京都,足立区,竹の塚4-1-12,221,一般内科一般外科その他,17：00〜翌9：00,土,120000
2021/04/06,医療法人社団　苑田会　苑田第一病院,東京都,足立区,竹の塚4-1-12,221,一般内科一般外科その他,19：00〜23：00,火,40000
2021/04/27,医療法人社団　苑田会　苑田第一病院,東京都,足立区,竹の塚4-1-12,221,一般内科一般外科その他,19：00〜23：00,火,40000
2021/04/28,医療法人社団　苑田会　苑田第一病院,東京都,足立区,竹の塚4-1-12,221,一般内科一般外科その他,19：00〜翌祝7：00,水,120000
2021/04/11,医療法人社団　苑田会　苑田第一病院,東京都,足立区,竹の塚4-1-12,221,一般内科一般外科その他,12：00〜23：00,日,100000
2021/04/01,医療法人社団　苑田会　苑田第一病院,東京都,足立区,竹の塚4-1-12,221,一般内科,9：00〜17：00,木,80000
2021/04/08,医療法人社団　苑田会　苑田第一病院,東京都,足立区,竹の塚4-1-12,221,一般内科,9：00〜17：00,木,80000
2021/04/15,医療法人社団　苑田会　苑田第一病院,東京都,足立区,竹の塚4-1-12,221,一般内科,9：00〜17：00,木,80000
2021/04/22,医療法人社団　苑田会　苑田第一病院,東京都,足立区,竹の塚4-1-12,221,一般内科,9：00〜17：00,木,80000
2021/04/05,医療法人社団　苑田会　苑田第一病院,東京都,足立区,竹の塚4-1-12,221,一般内科,13：30〜17：00,月,40000
2021/04/12,医療法人社団　苑田会　苑田第一病院,東京都,足立区,竹の塚4-1-12,221,一般内科,13：30〜17：00,月,40000
2021/04/19,医療法人社団　苑田会　苑田第一病院,東京都,足立区,竹の塚4-1-12,221,一般内科,13：30〜17：00,月,40000
2021/04/26,医療法人社団　苑田会　苑田第一病院,東京都,足立区,竹の塚4-1-12,221,一般内科,13：30〜17：00,月,40000
2021/04/06,医療法人社団　苑田会　苑田第一病院,東京都,足立区,竹の塚4-1-12,221,一般内科,9：00〜17：00,火,80000
2021/04/13,医療法人社団　苑田会　苑田第一病院,東京都,足立区,竹の塚4-1-12,221,一般内科,9：00〜17：00,火,80000
2021/04/20,医療法人社団　苑田会　苑田第一病院,東京都,足立区,竹の塚4-1-12,221,一般内科,9：00〜17：00,火,80000
2021/04/27,医療法人社団　苑田会　苑田第一病院,東京都,足立区,竹の塚4-1-12,221,一般内科,9：00〜17：00,火,80000
2021/04/08,医療法人社団　苑田会　苑田第一病院,東京都,足立区,竹の塚4-1-12,221,整形外科,19：00〜翌7：00,木,60000
2021/04/22,医療法人社団　苑田会　苑田第一病院,東京都,足立区,竹の塚4-1-12,221,整形外科,19：00〜翌7：00,木,60000
2021/04/10,医療法人社団　苑田会　苑田第一病院,東京都,足立区,竹の塚4-1-12,221,脳神経外科,17：00〜翌9：00,土,70000
2021/04/11,医療法人社団　苑田会　苑田第一病院,東京都,足立区,竹の塚4-1-12,221,脳神経外科,9：00〜18：00,日,60000
2021/04/18,医療法人社団　苑田会　苑田第一病院,東京都,足立区,竹の塚4-1-12,221,脳神経外科,9：00〜18：00,日,60000
2021/04/29,医療法人社団　苑田会　苑田第一病院,東京都,足立区,竹の塚4-1-12,221,脳神経外科,9：00〜18：00,木,60000
2021/03/04,社会福祉法人　埼玉県社会福祉事業団 埼玉県立嵐山郷,埼玉県,比企郡,嵐山町古里1848,65,一般内科科目不問,17：30〜翌8：30,木,50000
2021/03/11,社会福祉法人　埼玉県社会福祉事業団 埼玉県立嵐山郷,埼玉県,比企郡,嵐山町古里1848,65,一般内科科目不問,17：30〜翌8：30,木,50000
2021/03/18,社会福祉法人　埼玉県社会福祉事業団 埼玉県立嵐山郷,埼玉県,比企郡,嵐山町古里1848,65,一般内科科目不問,17：30〜翌8：30,木,50000
2021/03/25,社会福祉法人　埼玉県社会福祉事業団 埼玉県立嵐山郷,埼玉県,比企郡,嵐山町古里1848,65,一般内科科目不問,17：30〜翌8：30,木,50000
2021/04/01,医療法人社団　苑田会　苑田第一病院,東京都,足立区,竹の塚4-1-12,221,脳神経外科,19：00〜翌7：00,木,60000
2021/02/17,社会医療法人社団　大成会　武南病院附属クリニック,埼玉県,川口市,東本郷 1432,0,一般外科健診、検診、人間ドック,14：00〜17：00（受付終了16：30）,水,40000
2021/02/24,社会医療法人社団　大成会　武南病院附属クリニック,埼玉県,川口市,東本郷 1432,0,一般外科健診、検診、人間ドック,14：00〜17：00（受付終了16：30）,水,40000
2021/02/08,社会医療法人社団　大成会　武南病院附属クリニック,埼玉県,川口市,東本郷 1432,0,整形外科,9：00〜12：00（受付終了11：30）,月,40000
2021/02/09,社会医療法人社団　大成会　武南病院附属クリニック,埼玉県,川口市,東本郷 1432,0,整形外科,9：00〜12：00（受付終了11：30）,火,40000
2021/02/22,社会医療法人社団　大成会　武南病院附属クリニック,埼玉県,川口市,東本郷 1432,0,整形外科,9：00〜12：00（受付終了11：30）,月,40000
2021/02/09,社会医療法人社団　大成会　武南病院附属クリニック,埼玉県,川口市,東本郷 1432,0,整形外科,14：00〜17：00（受付終了16：30）,火,40000
2021/02/22,社会医療法人社団　大成会　武南病院附属クリニック,埼玉県,川口市,東本郷 1432,0,整形外科,14：00〜17：00（受付終了16：30）,月,40000
2021/02/06,社会医療法人社団　大成会　武南病院附属クリニック,埼玉県,川口市,東本郷 1432,0,皮膚科,9：00〜12：00（受付終了11：30）,土,40000
2021/02/27,社会医療法人社団　大成会　武南病院附属クリニック,埼玉県,川口市,東本郷 1432,0,皮膚科,9：00〜12：00（受付終了11：30）,土,40000
2021/03/06,医療法人社団　愛友会　三郷中央総合病院,埼玉県,三郷市,中央四丁目5番地1,289,一般内科,13：00〜（月）7：30,土,180000
2021/03/20,医療法人社団　愛友会　三郷中央総合病院,埼玉県,三郷市,中央四丁目5番地1,289,一般内科,9：00〜（月）7：30,土,200000
2021/03/22,医療法人社団　愛友会　三郷中央総合病院,埼玉県,三郷市,中央四丁目5番地1,289,一般内科,19：00〜翌7：30,月,55000
2021/03/29,医療法人社団　愛友会　三郷中央総合病院,埼玉県,三郷市,中央四丁目5番地1,289,一般内科,19：00〜翌7：30,月,55000
2021/02/24,医療法人社団　武蔵野会　TMGあさか医療センター,埼玉県,朝霞市,溝沼1340-1,446,一般内科,9：00〜17：00,水,85000
2021/02/05,医療法人社団　武蔵野会　TMGあさか医療センター,埼玉県,朝霞市,溝沼1340-1,446,一般内科,9：00〜17：00,金,85000
2021/02/19,医療法人社団　武蔵野会　TMGあさか医療センター,埼玉県,朝霞市,溝沼1340-1,446,一般内科,9：00〜17：00,金,85000
2021/02/24,医療法人社団　武蔵野会　TMGあさか医療センター,埼玉県,朝霞市,溝沼1340-1,446,一般内科,9：00〜13：00,水,50000
2021/02/05,医療法人社団　武蔵野会　TMGあさか医療センター,埼玉県,朝霞市,溝沼1340-1,446,一般内科,9：00〜13：00,金,50000
2021/02/19,医療法人社団　武蔵野会　TMGあさか医療センター,埼玉県,朝霞市,溝沼1340-1,446,一般内科,9：00〜13：00,金,50000
2021/02/24,医療法人社団　武蔵野会　TMGあさか医療センター,埼玉県,朝霞市,溝沼1340-1,446,一般内科,14：00〜17：00,水,35000
2021/02/05,医療法人社団　武蔵野会　TMGあさか医療センター,埼玉県,朝霞市,溝沼1340-1,446,一般内科,14：00〜17：00,金,35000
2021/02/19,医療法人社団　武蔵野会　TMGあさか医療センター,埼玉県,朝霞市,溝沼1340-1,446,一般内科,14：00〜17：00,金,35000
2021/03/02,社会医療法人　至仁会　圏央所沢病院,埼玉県,所沢市,東狭山ヶ丘4-2692-1,197,整形外科,14：00〜17：30（受付終了16：30）,火,42000
2021/03/30,社会医療法人　至仁会　圏央所沢病院,埼玉県,所沢市,東狭山ヶ丘4-2692-1,197,整形外科,14：00〜17：30（受付終了16：30）,火,42000
2021/03/20,医療法人　横浜未来ヘルスケアシステム　戸塚共立第2病院,神奈川県,横浜市戸塚区,吉田町 579-1,97,一般内科,9：00〜（月）7：00,土,210000
2021/02/25,医療法人社団　協友会　笛吹中央病院,山梨県,笛吹市,石和町四日市場47-1,150,一般内科一般外科,18：00〜翌7：00,木,70000
2021/02/26,医療法人社団　協友会　笛吹中央病院,山梨県,笛吹市,石和町四日市場47-1,150,一般内科一般外科,18：00〜翌7：00,金,70000
2021/02/07,医療法人社団　協友会　笛吹中央病院,山梨県,笛吹市,石和町四日市場47-1,150,一般内科一般外科,9：00〜翌9：00,日,140000
2021/02/21,医療法人社団　協友会　笛吹中央病院,山梨県,笛吹市,石和町四日市場47-1,150,一般内科一般外科,9：00〜翌9：00,日,120000
2021/02/27,医療法人財団　明理会　新松戸中央総合病院,千葉県,松戸市,新松戸1-380,333,一般内科,17：00〜翌9：00,土,80000
2021/02/23,医療法人　平和会　平和病院,神奈川県,横浜市鶴見区,東寺尾中台29-1,146,一般内科一般外科,9：00〜翌9：00,火,100000
2021/04/02,医療法人社団　苑田会　苑田第一病院,東京都,足立区,竹の塚4-1-12,221,脳神経外科,19：00〜翌7：00,金,60000
2021/02/16,医療法人社団　春日部さくら病院,埼玉県,春日部市,金崎702-1,35,一般内科糖尿病内科心臓外科泌尿器科人工透析,8：30〜18：30,火,87500
2021/02/09,医療法人社団　福寿会　福寿会足立東部病院,東京都,足立区,梅島2-35-16,104,一般内科,14：00〜17：30（受付終了17：00）,火,40000
2021/03/02,医療法人社団　ナイズ　キャップスクリニック北葛西,東京都,江戸川区,北葛西 5-15-2,,一般内科健診、検診、人間ドック,15：00〜20：00（受付終了19：45）,火,50000
2021/03/13,溝の口駅前皮膚科,神奈川県,川崎市高津区,溝口 2-9-12 マルヒロビル6-2階,,皮膚科形成外科,9：30〜14：00（受付終了13：30）,土,50000
2021/03/04,溝の口駅前皮膚科,神奈川県,川崎市高津区,溝口 2-9-12 マルヒロビル6-2階,,皮膚科形成外科,10：00〜13：30/15：00〜18：30（受付終了18：00）,木,80000
2021/03/11,溝の口駅前皮膚科,神奈川県,川崎市高津区,溝口 2-9-12 マルヒロビル6-2階,,皮膚科形成外科,10：00〜13：30/15：00〜18：30（受付終了18：00）,木,80000
2021/03/18,溝の口駅前皮膚科,神奈川県,川崎市高津区,溝口 2-9-12 マルヒロビル6-2階,,皮膚科形成外科,10：00〜13：30/15：00〜18：30（受付終了18：00）,木,80000
2021/03/25,溝の口駅前皮膚科,神奈川県,川崎市高津区,溝口 2-9-12 マルヒロビル6-2階,,皮膚科形成外科,10：00〜13：30/15：00〜18：30（受付終了18：00）,木,80000
2021/02/22,溝の口駅前皮膚科,神奈川県,川崎市高津区,溝口 2-9-12 マルヒロビル6-2階,,皮膚科形成外科,15：00〜18：30（受付終了18：00）,月,45000
2021/03/01,溝の口駅前皮膚科,神奈川県,川崎市高津区,溝口 2-9-12 マルヒロビル6-2階,,皮膚科形成外科,15：00〜18：30（受付終了18：00）,月,45000
2021/03/08,溝の口駅前皮膚科,神奈川県,川崎市高津区,溝口 2-9-12 マルヒロビル6-2階,,皮膚科形成外科,15：00〜18：30（受付終了18：00）,月,45000
2021/03/15,溝の口駅前皮膚科,神奈川県,川崎市高津区,溝口 2-9-12 マルヒロビル6-2階,,皮膚科形成外科,15：00〜18：30（受付終了18：00）,月,45000
2021/03/22,溝の口駅前皮膚科,神奈川県,川崎市高津区,溝口 2-9-12 マルヒロビル6-2階,,皮膚科形成外科,15：00〜18：30（受付終了18：00）,月,45000
2021/03/29,溝の口駅前皮膚科,神奈川県,川崎市高津区,溝口 2-9-12 マルヒロビル6-2階,,皮膚科形成外科,15：00〜18：30（受付終了18：00）,月,45000
2021/03/09,溝の口駅前皮膚科,神奈川県,川崎市高津区,溝口 2-9-12 マルヒロビル6-2階,,皮膚科形成外科,15：00〜18：30（受付終了18：00）,火,45000
2021/04/03,医療法人社団　苑田会　苑田第一病院,東京都,足立区,竹の塚4-1-12,221,一般内科,17：00〜翌9：00,土,70000
2021/04/25,医療法人社団　苑田会　苑田第一病院,東京都,足立区,竹の塚4-1-12,221,一般内科,18：00〜翌7：00,日,60000
2021/04/06,医療法人社団　苑田会　苑田第一病院,東京都,足立区,竹の塚4-1-12,221,一般内科,19：00〜翌7：00,火,60000
2021/04/13,医療法人社団　苑田会　苑田第一病院,東京都,足立区,竹の塚4-1-12,221,一般内科,19：00〜翌7：00,火,60000
2021/04/20,医療法人社団　苑田会　苑田第一病院,東京都,足立区,竹の塚4-1-12,221,一般内科,19：00〜翌7：00,火,60000
2021/04/27,医療法人社団　苑田会　苑田第一病院,東京都,足立区,竹の塚4-1-12,221,一般内科,19：00〜翌7：00,火,60000
2021/04/07,医療法人社団　苑田会　苑田第一病院,東京都,足立区,竹の塚4-1-12,221,一般内科,19：00〜翌7：00,水,60000
2021/04/14,医療法人社団　苑田会　苑田第一病院,東京都,足立区,竹の塚4-1-12,221,一般内科,19：00〜翌7：00,水,60000
2021/04/21,医療法人社団　苑田会　苑田第一病院,東京都,足立区,竹の塚4-1-12,221,一般内科,19：00〜翌7：00,水,60000
2021/04/04,医療法人社団　苑田会　苑田第一病院,東京都,足立区,竹の塚4-1-12,221,一般内科,9：00〜18：00,日,60000
2021/04/29,医療法人社団　苑田会　苑田第一病院,東京都,足立区,竹の塚4-1-12,221,一般内科,9：00〜18：00,木,60000
2021/04/28,医療法人社団　苑田会　苑田第一病院,東京都,足立区,竹の塚4-1-12,221,一般内科,19：00〜翌祝9：00,水,70000
2021/04/11,社会福祉法人　康和会　久我山病院,東京都,世田谷区,北烏山2-14-20,199,一般内科,17：00〜翌9：00,日,60000
2021/03/05,社会福祉法人　康和会　久我山病院,東京都,世田谷区,北烏山2-14-20,199,一般内科,17：00〜翌9：00,金,55000
2021/04/02,社会福祉法人　康和会　久我山病院,東京都,世田谷区,北烏山2-14-20,199,一般内科,17：00〜翌9：00,金,55000
2021/04/16,社会福祉法人　康和会　久我山病院,東京都,世田谷区,北烏山2-14-20,199,一般内科,17：00〜翌9：00,金,55000
2021/04/30,社会福祉法人　康和会　久我山病院,東京都,世田谷区,北烏山2-14-20,199,一般内科,17：00〜翌9：00,金,55000
2021/03/19,社会福祉法人　康和会　久我山病院,東京都,世田谷区,北烏山2-14-20,199,一般内科,17：00〜翌祝9：00,金,55000
2021/02/01,医療法人社団それいゆ　みやた皮膚科クリニック,千葉県,松戸市,松戸1147 涌井ビル5階,0,皮膚科,15：00〜19：30（受付終了19：00）,月,60000
2021/02/27,医療法人社団それいゆ　三ツ沢皮膚科クリニック,神奈川県,横浜市神奈川区,三ツ沢下町12番地5号151Aビル 4階,0,皮膚科,9：30〜13：30（受付終了13：00）,土,50000
2021/02/16,医療法人社団　愛友会　千葉愛友会記念病院,千葉県,流山市,鰭ケ崎1-1,268,整形外科,9：00〜13：00,火,52000
2021/02/22,医療法人社団　愛友会　千葉愛友会記念病院,千葉県,流山市,鰭ケ崎1-1,268,整形外科,9：00〜13：00,月,52000
2021/02/20,医療法人社団　愛友会　千葉愛友会記念病院,千葉県,流山市,鰭ケ崎1-1,268,産婦人科婦人科,17：30〜（月）7：00,土,240000
2021/02/13,医療法人社団　協友会　八潮中央総合病院,埼玉県,八潮市,南川崎845番地,250,婦人科健診、検診、人間ドック,9：00〜13：00,土,40000
2021/02/05,医療法人　沖縄徳洲会　千葉西総合病院,千葉県,松戸市,金ケ作107-1,608,一般内科糖尿病内科,9：00〜13：00,金,75000
2021/02/26,医療法人　沖縄徳洲会　千葉西総合病院,千葉県,松戸市,金ケ作107-1,608,一般内科糖尿病内科,9：00〜13：00,金,75000
2021/02/02,医療法人　沖縄徳洲会　千葉西総合病院,千葉県,松戸市,金ケ作107-1,608,一般内科糖尿病内科,9：00〜14：00,火,85000
2021/02/09,医療法人　沖縄徳洲会　千葉西総合病院,千葉県,松戸市,金ケ作107-1,608,一般内科糖尿病内科,9：00〜14：00,火,85000
2021/02/16,医療法人　沖縄徳洲会　千葉西総合病院,千葉県,松戸市,金ケ作107-1,608,一般内科糖尿病内科,9：00〜14：00,火,85000
2021/02/16,医療法人　横浜未来ヘルスケアシステム　戸塚共立メディカルサテライト健診センター,神奈川県,横浜市戸塚区,戸塚町3970-5,17,婦人科健診、検診、人間ドック,13：30〜16：00,火,55000
2021/03/02,医療法人　横浜未来ヘルスケアシステム　戸塚共立メディカルサテライト健診センター,神奈川県,横浜市戸塚区,戸塚町3970-5,17,婦人科健診、検診、人間ドック,13：30〜16：00,火,55000
2021/03/09,医療法人　横浜未来ヘルスケアシステム　戸塚共立メディカルサテライト健診センター,神奈川県,横浜市戸塚区,戸塚町3970-5,17,婦人科健診、検診、人間ドック,13：30〜16：00,火,55000
2021/03/16,医療法人　横浜未来ヘルスケアシステム　戸塚共立メディカルサテライト健診センター,神奈川県,横浜市戸塚区,戸塚町3970-5,17,婦人科健診、検診、人間ドック,13：30〜16：00,火,55000
2021/02/22,医療法人社団　愛宝会　浜田山病院,東京都,杉並区,浜田山4-1-8,48,一般内科,9：00〜18：00（受付終了17：00）,月,80000
2021/02/08,医療法人社団　明芳会　イムス三芳総合病院,埼玉県,入間郡三芳町,藤久保974番地3,273,一般内科,19：00〜翌7：30,月,70000
2021/02/11,医療法人社団　明芳会　イムス三芳総合病院,埼玉県,入間郡三芳町,藤久保974番地3,273,一般内科,7：30〜翌7：30,木,120000
2021/02/08,医療法人社団　明芳会　イムス三芳総合病院,埼玉県,入間郡三芳町,藤久保974番地3,273,一般外科,19：00〜翌7：30,月,60000
2021/02/22,医療法人社団　明芳会　イムス三芳総合病院,埼玉県,入間郡三芳町,藤久保974番地3,273,一般内科,19：00〜翌祝9：00,月,70000
2021/03/03,医療法人財団　明理会　春日部中央総合病院,埼玉県,春日部市,緑町5-9-4,404,一般外科,19：00〜翌7：00,水,60000
2021/03/10,医療法人財団　明理会　春日部中央総合病院,埼玉県,春日部市,緑町5-9-4,404,一般外科,19：00〜翌7：00,水,60000
2021/03/17,医療法人財団　明理会　春日部中央総合病院,埼玉県,春日部市,緑町5-9-4,404,一般外科,19：00〜翌7：00,水,60000
2021/03/24,医療法人財団　明理会　春日部中央総合病院,埼玉県,春日部市,緑町5-9-4,404,一般外科,19：00〜翌7：00,水,60000
2021/03/31,医療法人財団　明理会　春日部中央総合病院,埼玉県,春日部市,緑町5-9-4,404,一般外科,19：00〜翌7：00,水,60000
2021/03/21,医療法人財団　明理会　春日部中央総合病院,埼玉県,春日部市,緑町5-9-4,404,一般外科,17：00〜翌7：00,日,60000
2021/03/27,医療法人財団　明理会　春日部中央総合病院,埼玉県,春日部市,緑町5-9-4,404,整形外科,17：00〜（月）7：00,土,180000
2021/03/17,医療法人財団　明理会　春日部中央総合病院,埼玉県,春日部市,緑町5-9-4,404,一般内科,19：00〜翌7：00,水,60000
2021/03/04,医療法人財団　明理会　春日部中央総合病院,埼玉県,春日部市,緑町5-9-4,404,一般内科,19：00〜翌7：00,木,60000
2021/03/11,医療法人財団　明理会　春日部中央総合病院,埼玉県,春日部市,緑町5-9-4,404,一般内科,19：00〜翌7：00,木,60000
2021/03/18,医療法人財団　明理会　春日部中央総合病院,埼玉県,春日部市,緑町5-9-4,404,一般内科,19：00〜翌7：00,木,60000
2021/03/25,医療法人財団　明理会　春日部中央総合病院,埼玉県,春日部市,緑町5-9-4,404,一般内科,19：00〜翌7：00,木,60000
2021/03/26,医療法人社団　苑田会　苑田第三病院,東京都,足立区,伊興本町2-5-10,117,一般内科,9：00〜13：00（受付終了12：30）,金,40000
2021/03/01,医療法人社団 千葉白報会 総合クリニック　ドクターランド幕張（外来）,千葉県,千葉市美浜区,豊砂1-1  グランドモール 1F,,整形外科,9：30〜18：30（休憩60分）,月,90000
2021/03/15,医療法人社団 千葉白報会 総合クリニック　ドクターランド幕張（外来）,千葉県,千葉市美浜区,豊砂1-1  グランドモール 1F,,整形外科,9：30〜18：30（休憩60分）,月,90000
2021/03/22,医療法人社団 千葉白報会 総合クリニック　ドクターランド幕張（外来）,千葉県,千葉市美浜区,豊砂1-1  グランドモール 1F,,整形外科,9：30〜18：30（休憩60分）,月,90000
2021/02/23,医療法人社団 千葉白報会 総合クリニック　ドクターランド幕張（外来）,千葉県,千葉市美浜区,豊砂1-1  グランドモール 1F,,一般内科,9：30〜13：00,火,40000
2021/02/15,医療法人財団　明理会　明理会中央総合病院,東京都,北区,東十条3-2-11,311,一般内科,19：00〜翌7：30,月,60000
2021/02/16,医療法人財団　明理会　明理会中央総合病院,東京都,北区,東十条3-2-11,311,一般内科,19：00〜翌7：30,火,60000
2021/02/27,医療法人財団　明理会　明理会中央総合病院,東京都,北区,東十条3-2-11,311,一般内科,14：00〜翌9：00,土,80000
2021/02/13,医療法人財団　明理会　明理会中央総合病院,東京都,北区,東十条3-2-11,311,脳神経外科,14：00〜翌9：00,土,80000
2021/02/21,医療法人財団　明理会　明理会中央総合病院,東京都,北区,東十条3-2-11,311,脳神経外科,9：00〜翌7：30,日,120000
2021/02/23,医療法人財団　明理会　明理会中央総合病院,東京都,北区,東十条3-2-11,311,脳神経外科,9：00〜翌7：30,火,120000
2021/02/13,医療法人社団　武蔵野会　TMGあさか医療センター,埼玉県,朝霞市,溝沼1340-1,446,一般内科,17：00〜翌9：00,土,70000
2021/02/14,医療法人社団　武蔵野会　TMGあさか医療センター,埼玉県,朝霞市,溝沼1340-1,446,一般内科,9：00〜翌7：00,日,140000
2021/03/01,医療法人　沖縄徳洲会　千葉西総合病院,千葉県,松戸市,金ケ作107-1,608,一般内科,9：00〜19：00,月,110000
2021/03/08,医療法人　沖縄徳洲会　千葉西総合病院,千葉県,松戸市,金ケ作107-1,608,一般内科,9：00〜19：00,月,110000
2021/03/15,医療法人　沖縄徳洲会　千葉西総合病院,千葉県,松戸市,金ケ作107-1,608,一般内科,9：00〜19：00,月,110000
2021/03/22,医療法人　沖縄徳洲会　千葉西総合病院,千葉県,松戸市,金ケ作107-1,608,一般内科,9：00〜19：00,月,110000
2021/03/29,医療法人　沖縄徳洲会　千葉西総合病院,千葉県,松戸市,金ケ作107-1,608,一般内科,9：00〜19：00,月,110000
2021/03/02,医療法人　沖縄徳洲会　千葉西総合病院,千葉県,松戸市,金ケ作107-1,608,一般内科,9：00〜19：00,火,110000
2021/03/09,医療法人　沖縄徳洲会　千葉西総合病院,千葉県,松戸市,金ケ作107-1,608,一般内科,9：00〜19：00,火,110000
2021/03/16,医療法人　沖縄徳洲会　千葉西総合病院,千葉県,松戸市,金ケ作107-1,608,一般内科,9：00〜19：00,火,110000
2021/03/23,医療法人　沖縄徳洲会　千葉西総合病院,千葉県,松戸市,金ケ作107-1,608,一般内科,9：00〜19：00,火,110000
2021/03/30,医療法人　沖縄徳洲会　千葉西総合病院,千葉県,松戸市,金ケ作107-1,608,一般内科,9：00〜19：00,火,110000
2021/03/03,医療法人　沖縄徳洲会　千葉西総合病院,千葉県,松戸市,金ケ作107-1,608,一般内科,9：00〜19：00,水,110000
2021/03/10,医療法人　沖縄徳洲会　千葉西総合病院,千葉県,松戸市,金ケ作107-1,608,一般内科,9：00〜19：00,水,110000
2021/03/17,医療法人　沖縄徳洲会　千葉西総合病院,千葉県,松戸市,金ケ作107-1,608,一般内科,9：00〜19：00,水,110000
2021/03/24,医療法人　沖縄徳洲会　千葉西総合病院,千葉県,松戸市,金ケ作107-1,608,一般内科,9：00〜19：00,水,110000
2021/03/31,医療法人　沖縄徳洲会　千葉西総合病院,千葉県,松戸市,金ケ作107-1,608,一般内科,9：00〜19：00,水,110000
2021/03/05,医療法人　沖縄徳洲会　千葉西総合病院,千葉県,松戸市,金ケ作107-1,608,一般内科,9：00〜19：00,金,110000
2021/03/12,医療法人　沖縄徳洲会　千葉西総合病院,千葉県,松戸市,金ケ作107-1,608,一般内科,9：00〜19：00,金,110000
2021/03/19,医療法人　沖縄徳洲会　千葉西総合病院,千葉県,松戸市,金ケ作107-1,608,一般内科,9：00〜19：00,金,110000
2021/03/26,医療法人　沖縄徳洲会　千葉西総合病院,千葉県,松戸市,金ケ作107-1,608,一般内科,9：00〜19：00,金,110000
2021/03/06,医療法人　沖縄徳洲会　千葉西総合病院,千葉県,松戸市,金ケ作107-1,608,一般内科,9：00〜12：00/13：00〜17：00,土,80000
2021/03/13,医療法人　沖縄徳洲会　千葉西総合病院,千葉県,松戸市,金ケ作107-1,608,一般内科,9：00〜12：00/13：00〜17：00,土,80000
2021/03/27,医療法人　沖縄徳洲会　千葉西総合病院,千葉県,松戸市,金ケ作107-1,608,一般内科,9：00〜12：00/13：00〜17：00,土,80000
2021/03/07,医療法人　沖縄徳洲会　千葉西総合病院,千葉県,松戸市,金ケ作107-1,608,一般内科,9：00〜17：00,日,80000
2021/03/14,医療法人　沖縄徳洲会　千葉西総合病院,千葉県,松戸市,金ケ作107-1,608,一般内科,9：00〜17：00,日,80000
2021/03/21,医療法人　沖縄徳洲会　千葉西総合病院,千葉県,松戸市,金ケ作107-1,608,一般内科,9：00〜17：00,日,80000
2021/03/28,医療法人　沖縄徳洲会　千葉西総合病院,千葉県,松戸市,金ケ作107-1,608,一般内科,9：00〜17：00,日,80000
2021/03/20,医療法人　沖縄徳洲会　千葉西総合病院,千葉県,松戸市,金ケ作107-1,608,一般内科,9：00〜17：00,土,80000
2021/03/02,医療法人　沖縄徳洲会　千葉西総合病院,千葉県,松戸市,金ケ作107-1,608,一般内科,19：00〜翌8：00,火,80000
2021/03/09,医療法人　沖縄徳洲会　千葉西総合病院,千葉県,松戸市,金ケ作107-1,608,一般内科,19：00〜翌8：00,火,80000
2021/03/16,医療法人　沖縄徳洲会　千葉西総合病院,千葉県,松戸市,金ケ作107-1,608,一般内科,19：00〜翌8：00,火,80000
2021/03/23,医療法人　沖縄徳洲会　千葉西総合病院,千葉県,松戸市,金ケ作107-1,608,一般内科,19：00〜翌8：00,火,80000
2021/03/30,医療法人　沖縄徳洲会　千葉西総合病院,千葉県,松戸市,金ケ作107-1,608,一般内科,19：00〜翌8：00,火,80000
2021/03/03,医療法人　沖縄徳洲会　千葉西総合病院,千葉県,松戸市,金ケ作107-1,608,一般内科,19：00〜翌8：00,水,80000
2021/03/10,医療法人　沖縄徳洲会　千葉西総合病院,千葉県,松戸市,金ケ作107-1,608,一般内科,19：00〜翌8：00,水,80000
2021/03/17,医療法人　沖縄徳洲会　千葉西総合病院,千葉県,松戸市,金ケ作107-1,608,一般内科,19：00〜翌8：00,水,80000
2021/03/24,医療法人　沖縄徳洲会　千葉西総合病院,千葉県,松戸市,金ケ作107-1,608,一般内科,19：00〜翌8：00,水,80000
2021/03/31,医療法人　沖縄徳洲会　千葉西総合病院,千葉県,松戸市,金ケ作107-1,608,一般内科,19：00〜翌8：00,水,80000
2021/03/04,医療法人　沖縄徳洲会　千葉西総合病院,千葉県,松戸市,金ケ作107-1,608,一般内科,19：00〜翌8：00,木,80000
2021/03/11,医療法人　沖縄徳洲会　千葉西総合病院,千葉県,松戸市,金ケ作107-1,608,一般内科,19：00〜翌8：00,木,80000
2021/03/18,医療法人　沖縄徳洲会　千葉西総合病院,千葉県,松戸市,金ケ作107-1,608,一般内科,19：00〜翌8：00,木,80000
2021/03/25,医療法人　沖縄徳洲会　千葉西総合病院,千葉県,松戸市,金ケ作107-1,608,一般内科,19：00〜翌8：00,木,80000
2021/03/05,医療法人　沖縄徳洲会　千葉西総合病院,千葉県,松戸市,金ケ作107-1,608,一般内科,19：00〜翌8：00,金,80000
2021/03/12,医療法人　沖縄徳洲会　千葉西総合病院,千葉県,松戸市,金ケ作107-1,608,一般内科,19：00〜翌8：00,金,80000
2021/03/26,医療法人　沖縄徳洲会　千葉西総合病院,千葉県,松戸市,金ケ作107-1,608,一般内科,19：00〜翌8：00,金,80000
2021/03/20,医療法人　沖縄徳洲会　千葉西総合病院,千葉県,松戸市,金ケ作107-1,608,一般内科,17：00〜翌9：00,土,90000
2021/03/07,医療法人　沖縄徳洲会　千葉西総合病院,千葉県,松戸市,金ケ作107-1,608,一般内科,17：00〜翌8：00,日,85000
2021/03/14,医療法人　沖縄徳洲会　千葉西総合病院,千葉県,松戸市,金ケ作107-1,608,一般内科,17：00〜翌8：00,日,85000
2021/03/21,医療法人　沖縄徳洲会　千葉西総合病院,千葉県,松戸市,金ケ作107-1,608,一般内科,17：00〜翌8：00,日,85000
2021/03/28,医療法人　沖縄徳洲会　千葉西総合病院,千葉県,松戸市,金ケ作107-1,608,一般内科,17：00〜翌8：00,日,85000
2021/03/19,医療法人　沖縄徳洲会　千葉西総合病院,千葉県,松戸市,金ケ作107-1,608,一般内科,19：00〜翌祝9：00,金,85000
2021/03/02,医療法人　沖縄徳洲会　千葉西総合病院,千葉県,松戸市,金ケ作107-1,608,一般内科,9：00〜19：00,火,120000
2021/03/09,医療法人　沖縄徳洲会　千葉西総合病院,千葉県,松戸市,金ケ作107-1,608,一般内科,9：00〜19：00,火,120000
2021/03/16,医療法人　沖縄徳洲会　千葉西総合病院,千葉県,松戸市,金ケ作107-1,608,一般内科,9：00〜19：00,火,120000
2021/03/23,医療法人　沖縄徳洲会　千葉西総合病院,千葉県,松戸市,金ケ作107-1,608,一般内科,9：00〜19：00,火,120000
2021/03/30,医療法人　沖縄徳洲会　千葉西総合病院,千葉県,松戸市,金ケ作107-1,608,一般内科,9：00〜19：00,火,120000
2021/03/03,医療法人　沖縄徳洲会　千葉西総合病院,千葉県,松戸市,金ケ作107-1,608,一般内科,9：00〜19：00,水,120000
2021/03/10,医療法人　沖縄徳洲会　千葉西総合病院,千葉県,松戸市,金ケ作107-1,608,一般内科,9：00〜19：00,水,120000
2021/03/17,医療法人　沖縄徳洲会　千葉西総合病院,千葉県,松戸市,金ケ作107-1,608,一般内科,9：00〜19：00,水,120000
2021/03/24,医療法人　沖縄徳洲会　千葉西総合病院,千葉県,松戸市,金ケ作107-1,608,一般内科,9：00〜19：00,水,120000
2021/03/31,医療法人　沖縄徳洲会　千葉西総合病院,千葉県,松戸市,金ケ作107-1,608,一般内科,9：00〜19：00,水,120000
2021/03/04,医療法人　沖縄徳洲会　千葉西総合病院,千葉県,松戸市,金ケ作107-1,608,一般内科,9：00〜19：00,木,120000
2021/03/11,医療法人　沖縄徳洲会　千葉西総合病院,千葉県,松戸市,金ケ作107-1,608,一般内科,9：00〜19：00,木,120000
2021/03/18,医療法人　沖縄徳洲会　千葉西総合病院,千葉県,松戸市,金ケ作107-1,608,一般内科,9：00〜19：00,木,120000
2021/03/25,医療法人　沖縄徳洲会　千葉西総合病院,千葉県,松戸市,金ケ作107-1,608,一般内科,9：00〜19：00,木,120000
2021/03/05,医療法人　沖縄徳洲会　千葉西総合病院,千葉県,松戸市,金ケ作107-1,608,一般内科,9：00〜19：00,金,120000
2021/03/12,医療法人　沖縄徳洲会　千葉西総合病院,千葉県,松戸市,金ケ作107-1,608,一般内科,9：00〜19：00,金,120000
2021/03/19,医療法人　沖縄徳洲会　千葉西総合病院,千葉県,松戸市,金ケ作107-1,608,一般内科,9：00〜19：00,金,120000
2021/03/26,医療法人　沖縄徳洲会　千葉西総合病院,千葉県,松戸市,金ケ作107-1,608,一般内科,9：00〜19：00,金,120000
2021/03/06,医療法人　沖縄徳洲会　千葉西総合病院,千葉県,松戸市,金ケ作107-1,608,一般内科,9：00〜17：00,土,100000
2021/03/13,医療法人　沖縄徳洲会　千葉西総合病院,千葉県,松戸市,金ケ作107-1,608,一般内科,9：00〜17：00,土,100000
2021/03/27,医療法人　沖縄徳洲会　千葉西総合病院,千葉県,松戸市,金ケ作107-1,608,一般内科,9：00〜17：00,土,100000
2021/03/04,医療法人社団　明芳会　高島平中央総合病院,東京都,板橋区,高島平 1-73-1,230,一般内科,19：00〜翌7：30,木,40000
2021/03/11,医療法人社団　明芳会　高島平中央総合病院,東京都,板橋区,高島平 1-73-1,230,一般内科,19：00〜翌7：30,木,40000
2021/03/18,医療法人社団　明芳会　高島平中央総合病院,東京都,板橋区,高島平 1-73-1,230,一般内科,19：00〜翌7：30,木,40000
2021/03/25,医療法人社団　明芳会　高島平中央総合病院,東京都,板橋区,高島平 1-73-1,230,一般内科,19：00〜翌7：30,木,40000
2021/03/26,医療法人社団　明芳会　高島平中央総合病院,東京都,板橋区,高島平 1-73-1,230,一般内科,19：00〜翌7：30,金,40000
2021/03/30,医療法人社団　尚誠会　笑顔のおうちクリニック松戸,千葉県,松戸市,栄町西3-1048-1,,一般内科在宅診療,9：00〜18：00,火,25000
2021/03/31,医療法人社団　尚誠会　笑顔のおうちクリニック松戸,千葉県,松戸市,栄町西3-1048-1,,一般内科在宅診療,9：00〜18：00,水,25000
2021/04/01,医療法人社団　尚誠会　笑顔のおうちクリニック松戸,千葉県,松戸市,栄町西3-1048-1,,一般内科在宅診療,9：00〜18：00,木,25000
2021/04/02,医療法人社団　尚誠会　笑顔のおうちクリニック松戸,千葉県,松戸市,栄町西3-1048-1,,一般内科在宅診療,9：00〜18：00,金,25000
2021/03/30,医療法人　笑顔会　NexWelさいたま笑顔のおうちクリニック,埼玉県,さいたま市大宮区,天沼町2-759 さいたまメディカルタウン2階,,一般内科在宅診療,9：00〜18：00,火,25000
2021/03/31,医療法人　笑顔会　NexWelさいたま笑顔のおうちクリニック,埼玉県,さいたま市大宮区,天沼町2-759 さいたまメディカルタウン2階,,一般内科在宅診療,9：00〜18：00,水,25000
2021/04/01,医療法人　笑顔会　NexWelさいたま笑顔のおうちクリニック,埼玉県,さいたま市大宮区,天沼町2-759 さいたまメディカルタウン2階,,一般内科在宅診療,9：00〜18：00,木,25000
2021/04/02,医療法人　笑顔会　NexWelさいたま笑顔のおうちクリニック,埼玉県,さいたま市大宮区,天沼町2-759 さいたまメディカルタウン2階,,一般内科在宅診療,9：00〜18：00,金,25000
2021/02/13,医療法人社団　俊爽会　葛西内科皮膚科クリニック,東京都,江戸川区,中葛西3-16-17 パネフリアドビル1階,0,皮膚科,9：00〜12：30（受付終了12：30）,土,40000
2021/02/16,医療法人　杏林会　八木病院,神奈川県,秦野市,本町1-3-1,94,一般内科,19：00〜翌7：00,火,60000
2021/02/26,医療法人　杏林会　八木病院,神奈川県,秦野市,本町1-3-1,94,一般内科,19：00〜翌7：00,金,60000
2021/02/16,医療法人社団　時正会　佐々総合病院,東京都,西東京市,田無町4-24-15,183,一般内科,9：00〜13：00(受付終了11:30),火,42000
2021/03/03,医療法人　芙蓉会　五井病院,千葉県,市原市,五井 5155,118,一般内科,17：00〜翌9：00,水,80000
2021/03/09,医療法人　芙蓉会　五井病院,千葉県,市原市,五井 5155,118,一般内科,17：00〜翌9：00,火,70000
2021/03/16,医療法人　芙蓉会　五井病院,千葉県,市原市,五井 5155,118,一般内科,17：00〜翌9：00,火,70000
2021/03/23,医療法人　芙蓉会　五井病院,千葉県,市原市,五井 5155,118,一般内科,17：00〜翌9：00,火,70000
2021/03/06,医療法人　芙蓉会　五井病院,千葉県,市原市,五井 5155,118,一般内科,17：00〜翌9：00,土,70000
2021/02/17,医療法人社団　青葉会　新座病院,埼玉県,新座市,堀ノ内 3-14-30,128,一般内科,14：00〜17：00（受付終了17：00）,水,40000
2021/03/06,医療法人　城見会　アムス丸の内パレスビルクリニック,東京都,千代田区,丸の内1丁目1番1号   パレスビル4F,,婦人科健診、検診、人間ドック産婦人科,13：00〜17：00,土,40000
2021/03/13,医療法人　城見会　アムス丸の内パレスビルクリニック,東京都,千代田区,丸の内1丁目1番1号   パレスビル4F,,婦人科健診、検診、人間ドック産婦人科,13：00〜17：00,土,40000
2021/03/20,医療法人　城見会　アムス丸の内パレスビルクリニック,東京都,千代田区,丸の内1丁目1番1号   パレスビル4F,,婦人科健診、検診、人間ドック産婦人科,13：00〜17：00,土,40000
2021/03/27,医療法人　城見会　アムス丸の内パレスビルクリニック,東京都,千代田区,丸の内1丁目1番1号   パレスビル4F,,婦人科健診、検診、人間ドック産婦人科,13：00〜17：00,土,40000
2021/02/24,医療法人社団　青葉会　新座病院,埼玉県,新座市,堀ノ内 3-14-30,128,一般内科,14：00〜17：00（受付終了17：00）,水,40000
2021/03/01,表参道メディカルクリニック　六本木院,東京都,港区,六本木 6-1-26 天城ビル8F,,形成外科皮膚科美容,10：00〜19：00（休憩60分）,月,12000
2021/03/22,表参道メディカルクリニック　六本木院,東京都,港区,六本木 6-1-26 天城ビル8F,,形成外科皮膚科美容,10：00〜19：00（休憩60分）,月,12000
2021/03/19,表参道メディカルクリニック　六本木院,東京都,港区,六本木 6-1-26 天城ビル8F,,形成外科皮膚科美容,10：00〜19：00（休憩60分）,金,12000
2021/03/23,表参道メディカルクリニック　六本木院,東京都,港区,六本木 6-1-26 天城ビル8F,,形成外科皮膚科美容,10：00〜19：00（休憩60分）,火,12000
2021/03/10,医療法人社団　苑田会　花はたリハビリテーション病院,東京都,足立区,花畑5丁目12-29,168,一般内科,8：00〜17：00,水,90000
2021/03/24,医療法人社団　苑田会　花はたリハビリテーション病院,東京都,足立区,花畑5丁目12-29,168,一般内科,8：00〜17：00,水,90000
2021/03/01,医療法人社団　苑田会　花はたリハビリテーション病院,東京都,足立区,花畑5丁目12-29,168,整形外科リハビリテーション科,9：00〜17：00,月,95000
2021/03/08,医療法人社団　苑田会　花はたリハビリテーション病院,東京都,足立区,花畑5丁目12-29,168,整形外科リハビリテーション科,9：00〜17：00,月,95000
2021/03/15,医療法人社団　苑田会　花はたリハビリテーション病院,東京都,足立区,花畑5丁目12-29,168,整形外科リハビリテーション科,9：00〜17：00,月,95000
2021/03/22,医療法人社団　苑田会　花はたリハビリテーション病院,東京都,足立区,花畑5丁目12-29,168,整形外科リハビリテーション科,9：00〜17：00,月,95000
2021/03/29,医療法人社団　苑田会　花はたリハビリテーション病院,東京都,足立区,花畑5丁目12-29,168,整形外科リハビリテーション科,9：00〜17：00,月,95000
2021/03/04,表参道メディカルクリニック　横浜院,神奈川県,横浜市西区,高島2-7-1 ファーストプレイス横浜1F,,美容皮膚科科目不問,9：30〜19：00（休憩90分）,木,8000
2021/03/11,表参道メディカルクリニック　横浜院,神奈川県,横浜市西区,高島2-7-1 ファーストプレイス横浜1F,,美容皮膚科科目不問,9：30〜19：00（休憩90分）,木,8000
2021/03/18,表参道メディカルクリニック　横浜院,神奈川県,横浜市西区,高島2-7-1 ファーストプレイス横浜1F,,美容皮膚科科目不問,9：30〜19：00（休憩90分）,木,8000
2021/02/22,埼玉医療生活協同組合　羽生総合病院,埼玉県,羽生市,下岩瀬446,311,一般内科,9：00〜17：00,月,80000
2021/04/05,埼玉医療生活協同組合　羽生総合病院,埼玉県,羽生市,下岩瀬446,311,一般内科一般外科その他,9：00〜19：00,月,100000
2021/04/12,埼玉医療生活協同組合　羽生総合病院,埼玉県,羽生市,下岩瀬446,311,一般内科一般外科その他,9：00〜19：00,月,100000
2021/04/19,埼玉医療生活協同組合　羽生総合病院,埼玉県,羽生市,下岩瀬446,311,一般内科一般外科その他,9：00〜19：00,月,100000
2021/04/26,埼玉医療生活協同組合　羽生総合病院,埼玉県,羽生市,下岩瀬446,311,一般内科一般外科その他,9：00〜19：00,月,100000
2021/04/07,埼玉医療生活協同組合　羽生総合病院,埼玉県,羽生市,下岩瀬446,311,一般内科,9：00〜17：00,水,80000
2021/04/14,埼玉医療生活協同組合　羽生総合病院,埼玉県,羽生市,下岩瀬446,311,一般内科,9：00〜17：00,水,80000
2021/04/21,埼玉医療生活協同組合　羽生総合病院,埼玉県,羽生市,下岩瀬446,311,一般内科,9：00〜17：00,水,80000
2021/04/28,埼玉医療生活協同組合　羽生総合病院,埼玉県,羽生市,下岩瀬446,311,一般内科,9：00〜17：00,水,80000
2021/04/08,埼玉医療生活協同組合　羽生総合病院,埼玉県,羽生市,下岩瀬446,311,一般内科,9：00〜17：00,木,80000
2021/04/15,埼玉医療生活協同組合　羽生総合病院,埼玉県,羽生市,下岩瀬446,311,一般内科,9：00〜17：00,木,80000
2021/04/22,埼玉医療生活協同組合　羽生総合病院,埼玉県,羽生市,下岩瀬446,311,一般内科,9：00〜17：00,木,80000
2021/04/06,埼玉医療生活協同組合　羽生総合病院,埼玉県,羽生市,下岩瀬446,311,一般内科,19：00〜翌7：00,火,80000
2021/04/13,埼玉医療生活協同組合　羽生総合病院,埼玉県,羽生市,下岩瀬446,311,一般内科,19：00〜翌7：00,火,80000
2021/04/20,埼玉医療生活協同組合　羽生総合病院,埼玉県,羽生市,下岩瀬446,311,一般内科,19：00〜翌7：00,火,80000
2021/04/27,埼玉医療生活協同組合　羽生総合病院,埼玉県,羽生市,下岩瀬446,311,一般内科,19：00〜翌7：00,火,80000
2021/04/01,埼玉医療生活協同組合　羽生総合病院,埼玉県,羽生市,下岩瀬446,311,整形外科,9：00〜17：00,木,80000
2021/04/08,埼玉医療生活協同組合　羽生総合病院,埼玉県,羽生市,下岩瀬446,311,整形外科,9：00〜17：00,木,80000
2021/04/15,埼玉医療生活協同組合　羽生総合病院,埼玉県,羽生市,下岩瀬446,311,整形外科,9：00〜17：00,木,80000
2021/04/22,埼玉医療生活協同組合　羽生総合病院,埼玉県,羽生市,下岩瀬446,311,整形外科,9：00〜17：00,木,80000
2021/04/02,埼玉医療生活協同組合　羽生総合病院,埼玉県,羽生市,下岩瀬446,311,一般外科,19：00〜翌7：00,金,60000
2021/04/09,埼玉医療生活協同組合　羽生総合病院,埼玉県,羽生市,下岩瀬446,311,一般外科,19：00〜翌7：00,金,60000
2021/04/16,埼玉医療生活協同組合　羽生総合病院,埼玉県,羽生市,下岩瀬446,311,一般外科,19：00〜翌7：00,金,60000
2021/04/23,埼玉医療生活協同組合　羽生総合病院,埼玉県,羽生市,下岩瀬446,311,一般外科,19：00〜翌7：00,金,60000
2021/04/30,埼玉医療生活協同組合　羽生総合病院,埼玉県,羽生市,下岩瀬446,311,一般外科,19：00〜翌7：00,金,60000
2021/04/29,埼玉医療生活協同組合　羽生総合病院,埼玉県,羽生市,下岩瀬446,311,一般内科,9：00〜17：00,木,80000
2021/02/17,医療法人社団　愛友会　伊奈病院,埼玉県,北足立郡,伊奈町小室 9419,151,一般内科,9：00〜18：00（受付終了17：30）（休憩90分）,水,80000
2021/02/22,医療法人社団　愛友会　伊奈病院,埼玉県,北足立郡,伊奈町小室 9419,151,一般内科,14：30〜18：00（受付終了17：30）,月,45000
2021/03/01,医療法人社団　愛友会　伊奈病院,埼玉県,北足立郡,伊奈町小室 9419,151,一般内科,14：30〜18：00（受付終了17：30）,月,45000
2021/03/08,医療法人社団　愛友会　伊奈病院,埼玉県,北足立郡,伊奈町小室 9419,151,一般内科,14：30〜18：00（受付終了17：30）,月,45000
2021/03/15,医療法人社団　愛友会　伊奈病院,埼玉県,北足立郡,伊奈町小室 9419,151,一般内科,14：30〜18：00（受付終了17：30）,月,45000
2021/03/22,医療法人社団　愛友会　伊奈病院,埼玉県,北足立郡,伊奈町小室 9419,151,一般内科,14：30〜18：00（受付終了17：30）,月,45000
2021/03/29,医療法人社団　愛友会　伊奈病院,埼玉県,北足立郡,伊奈町小室 9419,151,一般内科,14：30〜18：00（受付終了17：30）,月,45000
2021/03/03,医療法人社団　愛友会　伊奈病院,埼玉県,北足立郡,伊奈町小室 9419,151,一般内科,14：30〜18：00（受付終了17：30）,水,45000
2021/03/10,医療法人社団　愛友会　伊奈病院,埼玉県,北足立郡,伊奈町小室 9419,151,一般内科,14：30〜18：00（受付終了17：30）,水,45000
2021/03/17,医療法人社団　愛友会　伊奈病院,埼玉県,北足立郡,伊奈町小室 9419,151,一般内科,14：30〜18：00（受付終了17：30）,水,45000
2021/03/24,医療法人社団　愛友会　伊奈病院,埼玉県,北足立郡,伊奈町小室 9419,151,一般内科,14：30〜18：00（受付終了17：30）,水,45000
2021/03/31,医療法人社団　愛友会　伊奈病院,埼玉県,北足立郡,伊奈町小室 9419,151,一般内科,14：30〜18：00（受付終了17：30）,水,45000
2021/03/05,医療法人社団　愛友会　伊奈病院,埼玉県,北足立郡,伊奈町小室 9419,151,一般内科,18：00〜翌7：30,金,70000
2021/03/19,医療法人社団　愛友会　伊奈病院,埼玉県,北足立郡,伊奈町小室 9419,151,一般内科,18：00〜翌祝8：30,金,70000
2021/02/22,医療法人　興生会　相模台病院,神奈川県,座間市,相模が丘6-24-28,306,一般外科,19：00〜翌祝9：00,月,65000
2021/03/30,医療法人社団　哺育会　浅草病院,東京都,台東区,今戸2-26-15,136,整形外科,19：00〜翌7：30,火,50000
2021/03/22,医療法人社団　苑田会　苑田第二病院,東京都,足立区,竹の塚4-2-17,60,一般内科,9：00〜17：00,月,80000
2021/03/22,医療法人社団　苑田会　苑田第二病院,東京都,足立区,竹の塚4-2-17,60,一般内科,13：00〜17：00,月,45000
2021/03/03,医療法人社団　苑田会　苑田第二病院,東京都,足立区,竹の塚4-2-17,60,一般内科,9：00〜17：00,水,80000
2021/03/10,医療法人社団　苑田会　苑田第二病院,東京都,足立区,竹の塚4-2-17,60,一般内科,9：00〜17：00,水,80000
2021/03/17,医療法人社団　苑田会　苑田第二病院,東京都,足立区,竹の塚4-2-17,60,一般内科,9：00〜17：00,水,80000
2021/03/24,医療法人社団　苑田会　苑田第二病院,東京都,足立区,竹の塚4-2-17,60,一般内科,9：00〜17：00,水,80000
2021/03/31,医療法人社団　苑田会　苑田第二病院,東京都,足立区,竹の塚4-2-17,60,一般内科,9：00〜17：00,水,80000
2021/03/12,医療法人社団　苑田会　苑田第二病院,東京都,足立区,竹の塚4-2-17,60,一般内科,9：00〜17：00,金,80000
2021/02/12,医療法人社団　愛友会　金沢文庫病院,神奈川県,横浜市金沢区,釜利谷東2-6-22,147,一般内科,14：00〜18：00（受付終了17：00）,金,35000
2021/03/03,医療法人社団　苑田会　苑田第二病院,東京都,足立区,竹の塚4-2-17,60,一般内科,9：00〜12：30,水,45000
2021/03/10,医療法人社団　苑田会　苑田第二病院,東京都,足立区,竹の塚4-2-17,60,一般内科,9：00〜12：30,水,45000
2021/03/17,医療法人社団　苑田会　苑田第二病院,東京都,足立区,竹の塚4-2-17,60,一般内科,9：00〜12：30,水,45000
2021/03/24,医療法人社団　苑田会　苑田第二病院,東京都,足立区,竹の塚4-2-17,60,一般内科,9：00〜12：30,水,45000
2021/03/31,医療法人社団　苑田会　苑田第二病院,東京都,足立区,竹の塚4-2-17,60,一般内科,9：00〜12：30,水,45000
2021/03/12,医療法人社団　苑田会　苑田第二病院,東京都,足立区,竹の塚4-2-17,60,一般内科,9：00〜12：30,金,45000
2021/03/20,医療法人社団　協友会　東川口病院,埼玉県,川口市,東川口2-10-8,198,一般内科,9：00〜17：00,土,50000
2021/02/20,医療法人社団　苑田会　苑田第二病院,東京都,足立区,竹の塚4-2-17,60,一般内科一般外科,17：00〜（月）7：00,土,140000
2021/02/22,医療法人社団　苑田会　苑田第二病院,東京都,足立区,竹の塚4-2-17,60,一般内科一般外科,19：00〜（水）7：00,月,130000
2021/02/26,医療法人社団　愛友会　上尾中央総合病院,埼玉県,上尾市,柏座 1-10-10,724,リハビリテーション科整形外科一般内科循環器内科脳神経外科脳神経内科,8：30〜17：00（休憩60分）,金,70000
2021/03/31,医療法人社団　博陽会　サトウ眼科,茨城県,つくば市,研究学園5丁目19番 イーアスつくば メディカルコート,,眼科,9：30〜12：30/15：00〜18：00（受付終了11：30/17：30）,水,13000
2021/03/10,医療法人社団　協友会　彩の国東大宮メディカルセンター,埼玉県,さいたま市 北区,土呂町 1522番地,337,一般内科,19：00〜翌7：00,水,70000
2021/03/15,医療法人社団　協友会　彩の国東大宮メディカルセンター,埼玉県,さいたま市 北区,土呂町 1522番地,337,一般内科,19：00〜翌7：00,月,70000
2021/03/14,医療法人社団　協友会　彩の国東大宮メディカルセンター,埼玉県,さいたま市 北区,土呂町 1522番地,337,一般内科,9：00〜17：30,日,70000
2021/03/20,医療法人社団　協友会　彩の国東大宮メディカルセンター,埼玉県,さいたま市 北区,土呂町 1522番地,337,一般内科,9：00〜翌9：00,土,140000
2021/03/27,医療法人社団　協友会　彩の国東大宮メディカルセンター,埼玉県,さいたま市 北区,土呂町 1522番地,337,一般内科,17：30〜翌9：00,土,90000
2021/03/28,医療法人社団　協友会　彩の国東大宮メディカルセンター,埼玉県,さいたま市 北区,土呂町 1522番地,337,一般内科,9：00〜翌7：00,日,130000
2021/03/16,医療法人社団　中央白報会　総合クリニック　ドクターランド大宮,埼玉県,さいたま市大宮区,桜木町2-3 大宮DOMダイエー3F,,一般内科,9：30〜18：30（休憩60分）,火,70000
2021/03/04,表参道メディカルクリニック　表参道院,東京都,渋谷区,神宮前5-2-19 表参道山田ビル2F,,科目不問美容皮膚科,9：30〜19：00（休憩90分）,木,8000
2021/03/11,表参道メディカルクリニック　表参道院,東京都,渋谷区,神宮前5-2-19 表参道山田ビル2F,,科目不問美容皮膚科,9：30〜19：00（休憩90分）,木,8000
2021/03/25,表参道メディカルクリニック　表参道院,東京都,渋谷区,神宮前5-2-19 表参道山田ビル2F,,科目不問美容皮膚科,9：30〜19：00（休憩90分）,木,8000
2021/03/18,表参道メディカルクリニック　池袋駅前院,東京都,豊島区,西池袋1-16-10 第2三笠ビル5F,,科目不問美容皮膚科,9：30〜19：00（休憩90分）,木,8000
2021/03/06,医療法人社団 千葉白報会 総合クリニック　ドクターランド幕張（外来）,千葉県,千葉市美浜区,豊砂1-1  グランドモール 1F,,一般内科,9：30〜18：30（休憩60分）,土,80000
2021/03/13,医療法人社団 千葉白報会 総合クリニック　ドクターランド幕張（外来）,千葉県,千葉市美浜区,豊砂1-1  グランドモール 1F,,一般内科,9：30〜18：30（休憩60分）,土,80000
2021/03/20,医療法人社団 千葉白報会 総合クリニック　ドクターランド幕張（外来）,千葉県,千葉市美浜区,豊砂1-1  グランドモール 1F,,一般内科,9：30〜18：30（休憩60分）,土,80000
2021/03/27,医療法人社団 千葉白報会 総合クリニック　ドクターランド幕張（外来）,千葉県,千葉市美浜区,豊砂1-1  グランドモール 1F,,一般内科,9：30〜18：30（休憩60分）,土,80000
2021/02/22,医療法人社団 千葉白報会 総合クリニック　ドクターランド幕張（外来）,千葉県,千葉市美浜区,豊砂1-1  グランドモール 1F,,一般内科,9：30〜18：30（休憩60分）,月,80000
2021/03/29,医療法人社団 千葉白報会 総合クリニック　ドクターランド幕張（外来）,千葉県,千葉市美浜区,豊砂1-1  グランドモール 1F,,整形外科,9：30〜18：30（休憩60分）,月,90000
2021/02/11,社会医療法人財団　城南福祉医療協会　大田病院,東京都,大田区,大森東4-4-14,189,一般内科一般外科,17：00〜翌9：00,木,58000
2021/02/02,医療法人社団　千葉白報会　総合クリニック　ドクターランド松戸（外来）,千葉県,松戸市,松戸新田245-26 グリーンマークシティ2F,0,整形外科,9：30〜18：30（休憩60分）,火,100000
2021/02/05,医療法人社団　千葉白報会　総合クリニック　ドクターランド松戸（外来）,千葉県,松戸市,松戸新田245-26 グリーンマークシティ2F,0,整形外科,9：30〜18：30（休憩60分）,金,100000
2021/02/08,医療法人社団　千葉白報会　総合クリニック　ドクターランド松戸（外来）,千葉県,松戸市,松戸新田245-26 グリーンマークシティ2F,0,整形外科,9：30〜18：30（休憩60分）,月,100000
2021/02/08,医療法人社団プラタナス あなたのための統合ヘルスクリニック イーク紀尾井町,東京都,千代田区,紀尾井町1-3 東京ガーデンテラス紀尾井町3F,,婦人科健診、検診、人間ドック,14：00〜17：00,月,40000
2021/03/07,社会医療法人財団　城南福祉医療協会　大田病院,東京都,大田区,大森東4-4-14,189,一般外科一般内科,9：00〜17：00,日,53500
2021/03/14,社会医療法人財団　城南福祉医療協会　大田病院,東京都,大田区,大森東4-4-14,189,一般外科一般内科,9：00〜17：00,日,53500
2021/03/21,社会医療法人財団　城南福祉医療協会　大田病院,東京都,大田区,大森東4-4-14,189,一般外科一般内科,9：00〜17：00,日,53500
2021/03/28,社会医療法人財団　城南福祉医療協会　大田病院,東京都,大田区,大森東4-4-14,189,一般外科一般内科,9：00〜17：00,日,53500
2021/03/06,社会医療法人財団　城南福祉医療協会　大田病院,東京都,大田区,大森東4-4-14,189,一般外科一般内科,9：00〜17：00,土,53500
2021/03/20,社会医療法人財団　城南福祉医療協会　大田病院,東京都,大田区,大森東4-4-14,189,一般外科一般内科,9：00〜17：00,土,53500
2021/03/27,社会医療法人財団　城南福祉医療協会　大田病院,東京都,大田区,大森東4-4-14,189,一般外科一般内科,9：00〜17：00,土,53500
2021/03/07,社会医療法人財団　城南福祉医療協会　大田病院,東京都,大田区,大森東4-4-14,189,一般内科一般外科,17：00〜翌9：00,日,58000
2021/03/14,社会医療法人財団　城南福祉医療協会　大田病院,東京都,大田区,大森東4-4-14,189,一般内科一般外科,17：00〜翌9：00,日,58000
2021/03/21,社会医療法人財団　城南福祉医療協会　大田病院,東京都,大田区,大森東4-4-14,189,一般内科一般外科,17：00〜翌9：00,日,58000
2021/03/28,社会医療法人財団　城南福祉医療協会　大田病院,東京都,大田区,大森東4-4-14,189,一般内科一般外科,17：00〜翌9：00,日,58000
2021/02/21,医療法人社団　鴻愛会　こうのす共生病院,埼玉県,鴻巣市,本町6-5-18,102,一般内科,9：00〜17：00,日,80000
2021/02/25,医療法人社団　明芳会　イムス三芳総合病院,埼玉県,入間郡三芳町,藤久保974番地3,273,脳神経外科,9：00〜翌9：00,木,145000
2021/03/06,医療法人社団　明芳会　イムス三芳総合病院,埼玉県,入間郡三芳町,藤久保974番地3,273,一般内科,8：45〜13：00,土,40000
2021/03/13,医療法人社団　明芳会　イムス三芳総合病院,埼玉県,入間郡三芳町,藤久保974番地3,273,一般内科,8：45〜13：00,土,40000
2021/03/27,医療法人社団　明芳会　イムス三芳総合病院,埼玉県,入間郡三芳町,藤久保974番地3,273,一般内科,8：45〜13：00,土,40000
2021/03/01,医療法人社団　明芳会　イムス三芳総合病院,埼玉県,入間郡三芳町,藤久保974番地3,273,一般内科,8：45〜18：30,月,80000
2021/03/08,医療法人社団　明芳会　イムス三芳総合病院,埼玉県,入間郡三芳町,藤久保974番地3,273,一般内科,8：45〜18：30,月,80000
2021/03/15,医療法人社団　明芳会　イムス三芳総合病院,埼玉県,入間郡三芳町,藤久保974番地3,273,一般内科,8：45〜18：30,月,80000
2021/03/22,医療法人社団　明芳会　イムス三芳総合病院,埼玉県,入間郡三芳町,藤久保974番地3,273,一般内科,8：45〜18：30,月,80000
2021/03/29,医療法人社団　明芳会　イムス三芳総合病院,埼玉県,入間郡三芳町,藤久保974番地3,273,一般内科,8：45〜18：30,月,80000
2021/03/02,医療法人社団　明芳会　イムス三芳総合病院,埼玉県,入間郡三芳町,藤久保974番地3,273,一般内科,8：45〜18：30,火,80000
2021/03/09,医療法人社団　明芳会　イムス三芳総合病院,埼玉県,入間郡三芳町,藤久保974番地3,273,一般内科,8：45〜18：30,火,80000
2021/03/16,医療法人社団　明芳会　イムス三芳総合病院,埼玉県,入間郡三芳町,藤久保974番地3,273,一般内科,8：45〜18：30,火,80000
2021/03/23,医療法人社団　明芳会　イムス三芳総合病院,埼玉県,入間郡三芳町,藤久保974番地3,273,一般内科,8：45〜18：30,火,80000
2021/03/30,医療法人社団　明芳会　イムス三芳総合病院,埼玉県,入間郡三芳町,藤久保974番地3,273,一般内科,8：45〜18：30,火,80000
2021/03/03,医療法人社団　明芳会　イムス三芳総合病院,埼玉県,入間郡三芳町,藤久保974番地3,273,一般内科,8：45〜18：30,水,80000
2021/03/10,医療法人社団　明芳会　イムス三芳総合病院,埼玉県,入間郡三芳町,藤久保974番地3,273,一般内科,8：45〜18：30,水,80000
2021/03/17,医療法人社団　明芳会　イムス三芳総合病院,埼玉県,入間郡三芳町,藤久保974番地3,273,一般内科,8：45〜18：30,水,80000
2021/03/24,医療法人社団　明芳会　イムス三芳総合病院,埼玉県,入間郡三芳町,藤久保974番地3,273,一般内科,8：45〜18：30,水,80000
2021/03/31,医療法人社団　明芳会　イムス三芳総合病院,埼玉県,入間郡三芳町,藤久保974番地3,273,一般内科,8：45〜18：30,水,80000
2021/03/04,医療法人社団　明芳会　イムス三芳総合病院,埼玉県,入間郡三芳町,藤久保974番地3,273,一般内科,8：45〜18：30,木,80000
2021/03/11,医療法人社団　明芳会　イムス三芳総合病院,埼玉県,入間郡三芳町,藤久保974番地3,273,一般内科,8：45〜18：30,木,80000
2021/03/18,医療法人社団　明芳会　イムス三芳総合病院,埼玉県,入間郡三芳町,藤久保974番地3,273,一般内科,8：45〜18：30,木,80000
2021/03/25,医療法人社団　明芳会　イムス三芳総合病院,埼玉県,入間郡三芳町,藤久保974番地3,273,一般内科,8：45〜18：30,木,80000
2021/03/05,医療法人社団　明芳会　イムス三芳総合病院,埼玉県,入間郡三芳町,藤久保974番地3,273,一般内科,8：45〜18：30,金,80000
2021/03/12,医療法人社団　明芳会　イムス三芳総合病院,埼玉県,入間郡三芳町,藤久保974番地3,273,一般内科,8：45〜18：30,金,80000
2021/03/19,医療法人社団　明芳会　イムス三芳総合病院,埼玉県,入間郡三芳町,藤久保974番地3,273,一般内科,8：45〜18：30,金,80000
2021/03/26,医療法人社団　明芳会　イムス三芳総合病院,埼玉県,入間郡三芳町,藤久保974番地3,273,一般内科,8：45〜18：30,金,80000
2021/02/22,医療法人社団　明芳会　イムス三芳総合病院,埼玉県,入間郡三芳町,藤久保974番地3,273,一般外科,19：00〜翌祝9：00,月,65000
2021/02/10,社会医療法人社団　大成会　武南病院附属クリニック,埼玉県,川口市,東本郷 1432,0,一般内科健診、検診、人間ドック,14：00〜17：00（受付終了16：30）,水,40000
2021/02/16,社会医療法人社団　大成会　武南病院附属クリニック,埼玉県,川口市,東本郷 1432,0,一般内科健診、検診、人間ドック,14：00〜17：00（受付終了16：30）,火,40000
2021/02/17,社会医療法人社団　大成会　武南病院附属クリニック,埼玉県,川口市,東本郷 1432,0,一般内科健診、検診、人間ドック,14：00〜17：00（受付終了16：30）,水,40000
2021/02/18,社会医療法人社団　大成会　武南病院附属クリニック,埼玉県,川口市,東本郷 1432,0,一般内科健診、検診、人間ドック,14：00〜17：00（受付終了16：30）,木,40000
2021/02/25,社会医療法人社団　大成会　武南病院附属クリニック,埼玉県,川口市,東本郷 1432,0,一般内科健診、検診、人間ドック,14：00〜17：00（受付終了16：30）,木,40000
2021/02/26,社会医療法人社団　大成会　武南病院附属クリニック,埼玉県,川口市,東本郷 1432,0,一般内科健診、検診、人間ドック,14：00〜17：00（受付終了16：30）,金,40000
2021/02/25,社会医療法人社団　大成会　武南病院附属クリニック,埼玉県,川口市,東本郷 1432,0,一般内科健診、検診、人間ドック,9：00〜12：00（受付終了11：30）,木,40000
2021/02/25,医療法人　徳洲会　東京西徳洲会病院,東京都,昭島市,松原町3-1-1,364,一般内科,8：30〜17：00,木,80000
2021/04/30,医療法人　愛仁会　利根川橋クリニック,茨城県,古河市,中田1690,,一般内科,9：00〜18：00（受付終了12：20/17：30）,金,90000
2021/02/19,医療法人社団　風林会　メンズリゼクリニック　東京新宿院,東京都,新宿区,新宿3-17-4 新宿レミナビルB2F,,科目不問皮膚科美容,14：00〜23：00（休憩60分）,金,70000
2021/02/26,医療法人社団　風林会　メンズリゼクリニック　東京新宿院,東京都,新宿区,新宿3-17-4 新宿レミナビルB2F,,科目不問皮膚科美容,14：00〜23：00（休憩60分）,金,70000
2021*03*21,医療法人社団福田会　福田記念病院,栃木県,真岡市,並木町3-10-6,186,科目不問一般内科一般外科,9：00〜翌9：00,日,100000
2021/04/05,溝の口駅前皮膚科,神奈川県,川崎市高津区,溝口 2-9-12 マルヒロビル6-2階,,皮膚科形成外科,15：00〜18：30（受付終了18：00）,月,45000
2021/04/12,溝の口駅前皮膚科,神奈川県,川崎市高津区,溝口 2-9-12 マルヒロビル6-2階,,皮膚科形成外科,15：00〜18：30（受付終了18：00）,月,45000
2021/04/19,溝の口駅前皮膚科,神奈川県,川崎市高津区,溝口 2-9-12 マルヒロビル6-2階,,皮膚科形成外科,15：00〜18：30（受付終了18：00）,月,45000
2021/04/26,溝の口駅前皮膚科,神奈川県,川崎市高津区,溝口 2-9-12 マルヒロビル6-2階,,皮膚科形成外科,15：00〜18：30（受付終了18：00）,月,45000
2021/04/13,溝の口駅前皮膚科,神奈川県,川崎市高津区,溝口 2-9-12 マルヒロビル6-2階,,皮膚科形成外科,15：00〜18：30（受付終了18：00）,火,45000
2021/04/27,溝の口駅前皮膚科,神奈川県,川崎市高津区,溝口 2-9-12 マルヒロビル6-2階,,皮膚科形成外科,15：00〜18：30（受付終了18：00）,火,45000
2021/04/01,溝の口駅前皮膚科,神奈川県,川崎市高津区,溝口 2-9-12 マルヒロビル6-2階,,皮膚科形成外科,10：00〜13：30/15：00〜18：30（受付終了18：00）,木,80000
2021/04/08,溝の口駅前皮膚科,神奈川県,川崎市高津区,溝口 2-9-12 マルヒロビル6-2階,,皮膚科形成外科,10：00〜13：30/15：00〜18：30（受付終了18：00）,木,80000
2021/04/15,溝の口駅前皮膚科,神奈川県,川崎市高津区,溝口 2-9-12 マルヒロビル6-2階,,皮膚科形成外科,10：00〜13：30/15：00〜18：30（受付終了18：00）,木,80000
2021/04/22,溝の口駅前皮膚科,神奈川県,川崎市高津区,溝口 2-9-12 マルヒロビル6-2階,,皮膚科形成外科,10：00〜13：30/15：00〜18：30（受付終了18：00）,木,80000
2021/04/03,溝の口駅前皮膚科,神奈川県,川崎市高津区,溝口 2-9-12 マルヒロビル6-2階,,皮膚科形成外科,9：30〜14：00（受付終了13：30）,土,50000
2021/04/10,溝の口駅前皮膚科,神奈川県,川崎市高津区,溝口 2-9-12 マルヒロビル6-2階,,皮膚科形成外科,9：30〜14：00（受付終了13：30）,土,50000
2021/04/17,溝の口駅前皮膚科,神奈川県,川崎市高津区,溝口 2-9-12 マルヒロビル6-2階,,皮膚科形成外科,9：30〜14：00（受付終了13：30）,土,50000
2021/04/13,医療法人　芙蓉会　五井病院,千葉県,市原市,五井 5155,118,一般内科,17：00〜翌9：00,火,70000
2021/04/27,医療法人　芙蓉会　五井病院,千葉県,市原市,五井 5155,118,一般内科,17：00〜翌9：00,火,70000
2021/06/09,医療法人　芙蓉会　五井病院,千葉県,市原市,五井 5155,118,一般内科,17：00〜翌9：00,水,70000
2021/02/02,医療法人社団　松井病院,東京都,大田区,池上2-7-10,144,一般内科一般外科,19：00〜翌7：00,火,43200
2021/03/06,医療法人社団　協友会　八潮中央総合病院,埼玉県,八潮市,南川崎845番地,250,婦人科健診、検診、人間ドック,9：00〜13：00,土,40000
2021/02/05,医療法人社団　松井病院,東京都,大田区,池上2-7-10,144,一般内科一般外科,19：00〜翌7：00,金,43200
2021/02/06,医療法人社団　松井病院,東京都,大田区,池上2-7-10,144,一般内科一般外科,15：00〜（月）7：30,土,167000
2021/03/13,医療法人社団　協友会　八潮中央総合病院,埼玉県,八潮市,南川崎845番地,250,婦人科健診、検診、人間ドック,9：00〜13：00,土,40000
2021/03/27,医療法人社団　協友会　八潮中央総合病院,埼玉県,八潮市,南川崎845番地,250,婦人科健診、検診、人間ドック,9：00〜13：00,土,40000
2021/03/03,医療法人社団　協友会　八潮中央総合病院,埼玉県,八潮市,南川崎845番地,250,婦人科健診、検診、人間ドック,9：00〜17：30（休憩60分）,水,75000
2021/03/10,医療法人社団　協友会　八潮中央総合病院,埼玉県,八潮市,南川崎845番地,250,婦人科健診、検診、人間ドック,9：00〜17：30（休憩60分）,水,75000
2021/03/17,医療法人社団　協友会　八潮中央総合病院,埼玉県,八潮市,南川崎845番地,250,婦人科健診、検診、人間ドック,9：00〜17：30（休憩60分）,水,75000
2021/03/24,医療法人社団　協友会　八潮中央総合病院,埼玉県,八潮市,南川崎845番地,250,婦人科健診、検診、人間ドック,9：00〜17：30（休憩60分）,水,75000
2021/03/31,医療法人社団　協友会　八潮中央総合病院,埼玉県,八潮市,南川崎845番地,250,婦人科健診、検診、人間ドック,9：00〜17：30（休憩60分）,水,75000
2021/03/02,医療法人社団　協友会　八潮中央総合病院,埼玉県,八潮市,南川崎845番地,250,婦人科健診、検診、人間ドック,9：00〜13：00,火,40000
2021/03/09,医療法人社団　協友会　八潮中央総合病院,埼玉県,八潮市,南川崎845番地,250,婦人科健診、検診、人間ドック,9：00〜13：00,火,40000
2021/03/16,医療法人社団　協友会　八潮中央総合病院,埼玉県,八潮市,南川崎845番地,250,婦人科健診、検診、人間ドック,9：00〜13：00,火,40000
2021/03/23,医療法人社団　協友会　八潮中央総合病院,埼玉県,八潮市,南川崎845番地,250,婦人科健診、検診、人間ドック,9：00〜13：00,火,40000
2021/03/30,医療法人社団　協友会　八潮中央総合病院,埼玉県,八潮市,南川崎845番地,250,婦人科健診、検診、人間ドック,9：00〜13：00,火,40000
2021/03/14,医療法人社団　協友会　八潮中央総合病院,埼玉県,八潮市,南川崎845番地,250,一般内科,9：00〜17：30,日,60000
2021/03/28,医療法人社団　協友会　八潮中央総合病院,埼玉県,八潮市,南川崎845番地,250,一般内科,9：00〜17：30,日,60000
2021/03/20,医療法人社団　協友会　八潮中央総合病院,埼玉県,八潮市,南川崎845番地,250,一般内科,9：00〜17：30,土,60000
2021/03/27,医療法人社団　協友会　八潮中央総合病院,埼玉県,八潮市,南川崎845番地,250,一般内科一般外科,17：30〜（月）7：00,土,187500
2021/02/10,医療法人社団　明芳会　高島平中央総合病院,東京都,板橋区,高島平 1-73-1,230,一般内科,14：00〜17：30（受付終了17：00）,水,35000
2021/03/02,医療法人社団　協友会　八潮中央総合病院,埼玉県,八潮市,南川崎845番地,250,一般内科循環器内科,14：00〜17：30（受付終了16：30）,火,40000
2021/02/17,医療法人社団　明芳会　高島平中央総合病院,東京都,板橋区,高島平 1-73-1,230,一般内科,14：00〜17：30（受付終了17：00）,水,35000
2021/03/09,医療法人社団　協友会　八潮中央総合病院,埼玉県,八潮市,南川崎845番地,250,一般内科循環器内科,14：00〜17：30（受付終了16：30）,火,40000
2021/03/16,医療法人社団　協友会　八潮中央総合病院,埼玉県,八潮市,南川崎845番地,250,一般内科循環器内科,14：00〜17：30（受付終了16：30）,火,40000
2021/02/24,医療法人社団　明芳会　高島平中央総合病院,東京都,板橋区,高島平 1-73-1,230,一般内科,14：00〜17：30（受付終了17：00）,水,35000
2021/03/23,医療法人社団　協友会　八潮中央総合病院,埼玉県,八潮市,南川崎845番地,250,一般内科循環器内科,14：00〜17：30（受付終了16：30）,火,40000
2021/03/30,医療法人社団　協友会　八潮中央総合病院,埼玉県,八潮市,南川崎845番地,250,一般内科循環器内科,14：00〜17：30（受付終了16：30）,火,40000
2021/02/26,医療法人社団　明芳会　高島平中央総合病院,東京都,板橋区,高島平 1-73-1,230,整形外科,14：00〜17：30（受付終了17：00）,金,40000
2021/03/03,医療法人社団　明芳会　高島平中央総合病院,東京都,板橋区,高島平 1-73-1,230,一般内科,14：00〜17：30（受付終了17：00）,水,35000
2021/03/10,医療法人社団　明芳会　高島平中央総合病院,東京都,板橋区,高島平 1-73-1,230,一般内科,14：00〜17：30（受付終了17：00）,水,35000
2021/03/17,医療法人社団　明芳会　高島平中央総合病院,東京都,板橋区,高島平 1-73-1,230,一般内科,14：00〜17：30（受付終了17：00）,水,35000
2021/03/24,医療法人社団　明芳会　高島平中央総合病院,東京都,板橋区,高島平 1-73-1,230,一般内科,14：00〜17：30（受付終了17：00）,水,35000
2021/02/27,医療法人社団　武蔵野会　TMGあさか医療センター,埼玉県,朝霞市,溝沼1340-1,446,整形外科,9：00〜18：00（受付終了17：00）,土,90000
2021/03/31,医療法人社団　明芳会　高島平中央総合病院,東京都,板橋区,高島平 1-73-1,230,一般内科,14：00〜17：30（受付終了17：00）,水,35000
2021/03/29,医療法人社団　明芳会　高島平中央総合病院,東京都,板橋区,高島平 1-73-1,230,整形外科,9：00〜13：00（受付終了12：30）,月,40000
2021/02/14,医療法人　柏葉会　柏戸病院,千葉県,千葉市中央区,長洲2丁目21-8,170,一般内科一般外科,17：00〜翌9：00,日,50000
2021/02/28,医療法人　柏葉会　柏戸病院,千葉県,千葉市中央区,長洲2丁目21-8,170,一般内科一般外科,16：30〜翌9：00,日,50000
2021/03/06,医療法人社団　森と海 東京　東京蒲田病院,東京都,大田区,西蒲田7-10-1,180,一般内科,17：30〜翌8：30,土,50000
2021/02/06,医療法人　横浜未来ヘルスケアシステム　戸塚共立第1病院,神奈川県,横浜市戸塚区,戸塚町 116,148,一般内科,15：00〜翌9：00,土,75000
2021/02/07,医療法人　横浜未来ヘルスケアシステム　戸塚共立第1病院,神奈川県,横浜市戸塚区,戸塚町 116,148,一般内科,9：00〜翌7：00,日,105000
2021/02/03,医療法人　みつや会　新八街総合病院,千葉県,八街市,八街ほ137-1,199,一般内科,9：00〜18：00（受付終了11：30/17：00）,水,100000
2021/02/17,医療法人　みつや会　新八街総合病院,千葉県,八街市,八街ほ137-1,199,一般内科,9：00〜18：00（受付終了11：30/17：00）,水,100000
2021/02/24,医療法人　みつや会　新八街総合病院,千葉県,八街市,八街ほ137-1,199,一般内科,9：00〜18：00（受付終了11：30/17：00）,水,100000
2021/03/01,医療法人社団　東京白報会　あだち在宅診療所,東京都,足立区,綾瀬4-7-10 柏芳ビル弐号館4階,,眼科在宅診療,9：00〜17：00（休憩60分）,月,80000
2021/03/08,医療法人社団　東京白報会　あだち在宅診療所,東京都,足立区,綾瀬4-7-10 柏芳ビル弐号館4階,,眼科在宅診療,9：00〜17：00（休憩60分）,月,80000
2021/03/15,医療法人社団　東京白報会　あだち在宅診療所,東京都,足立区,綾瀬4-7-10 柏芳ビル弐号館4階,,眼科在宅診療,9：00〜17：00（休憩60分）,月,80000
2021/03/22,医療法人社団　東京白報会　あだち在宅診療所,東京都,足立区,綾瀬4-7-10 柏芳ビル弐号館4階,,眼科在宅診療,9：00〜17：00（休憩60分）,月,80000
2021/03/29,医療法人社団　東京白報会　あだち在宅診療所,東京都,足立区,綾瀬4-7-10 柏芳ビル弐号館4階,,眼科在宅診療,9：00〜17：00（休憩60分）,月,80000
2021/02/10,医療法人社団　白報会　メディカルクリニック　ドクターランド（外来）,埼玉県,さいたま市緑区,美園5-50-1 イオンモール浦和美園1F,0,一般内科,9：30〜14：00,水,45000
2021/02/17,医療法人社団　白報会　メディカルクリニック　ドクターランド（外来）,埼玉県,さいたま市緑区,美園5-50-1 イオンモール浦和美園1F,0,一般内科,9：30〜14：00,水,45000
2021/02/24,医療法人社団　白報会　メディカルクリニック　ドクターランド（外来）,埼玉県,さいたま市緑区,美園5-50-1 イオンモール浦和美園1F,0,一般内科,9：30〜14：00,水,45000
2021/03/19,社会医療法人社団　昭愛会　水野記念病院,東京都,足立区,西新井6-32-10,190,一般内科,19：00〜翌祝9：00,金,60000
2021/02/07,社会医療法人ジャパンメディカルアライアンス　座間総合病院,神奈川県,座間市,相武台1-50-1,352,一般内科,17：30〜翌9：00,日,77500
2021/03/13,医療法人社団　ナイズ　キャップスクリニック東品川,東京都,品川区,東品川4丁目5番22号 オアーゼ品川レジデンス 1階,,小児科健診、検診、人間ドック,19：00〜21：00（受付終了20：45）,土,19000
2021/02/23,医療法人社団　ナイズ　キャップスこどもクリニック西葛西,東京都,江戸川区,西葛西6-12-1 関寅ビル第2 ,0,小児科健診、検診、人間ドック,19：00〜21：00（受付終了20：30）,火,21000
2021/02/18,医療法人財団　コンフォート　鶴川クリニック,東京都,町田市,大蔵町150-2,0,一般内科在宅診療,9：00〜12：00,木,40000
2021/02/25,医療法人財団　コンフォート　鶴川クリニック,東京都,町田市,大蔵町150-2,0,一般内科在宅診療,9：00〜12：00,木,40000
2021/03/16,医療法人社団　協友会　彩の国東大宮メディカルセンター,埼玉県,さいたま市 北区,土呂町 1522番地,337,一般外科,19：00〜翌7：00,火,60000
2021/02/04,医療法人社団　真療会　野田病院,千葉県,野田市,中里1554-1,197,皮膚科,9：00〜17：00（受付終了時間11：30/16：30）,木,80000
2021/02/18,医療法人社団　真療会　野田病院,千葉県,野田市,中里1554-1,197,皮膚科,9：00〜17：00（受付終了時間11：30/16：30）,木,80000
2021/03/04,医療法人社団　真療会　野田病院,千葉県,野田市,中里1554-1,197,皮膚科,9：00〜17：00（受付終了時間11：30/16：30）,木,80000
2021/03/18,医療法人社団　真療会　野田病院,千葉県,野田市,中里1554-1,197,皮膚科,9：00〜17：00（受付終了時間11：30/16：30）,木,80000
2021/03/07,医療法人社団　風林会　リゼクリニック　新宿院,東京都,新宿区,新宿3-17-4 新宿レミナビルB1F,,皮膚科美容,10：00〜20：00（休憩60分）,日,70000
2021/03/02,医療法人社団　風林会　リゼクリニック　新宿院,東京都,新宿区,新宿3-17-4 新宿レミナビルB1F,,皮膚科美容,11：00〜21：00（休憩60分）,火,70000
2021/03/09,医療法人社団　風林会　リゼクリニック　新宿院,東京都,新宿区,新宿3-17-4 新宿レミナビルB1F,,皮膚科美容,11：00〜21：00（休憩60分）,火,70000
2021/03/16,医療法人社団　風林会　リゼクリニック　新宿院,東京都,新宿区,新宿3-17-4 新宿レミナビルB1F,,皮膚科美容,11：00〜21：00（休憩60分）,火,70000
2021/03/23,医療法人社団　風林会　リゼクリニック　新宿院,東京都,新宿区,新宿3-17-4 新宿レミナビルB1F,,皮膚科美容,11：00〜21：00（休憩60分）,火,70000
2021/03/30,医療法人社団　風林会　リゼクリニック　新宿院,東京都,新宿区,新宿3-17-4 新宿レミナビルB1F,,皮膚科美容,11：00〜21：00（休憩60分）,火,70000
2021/03/13,医療法人社団　風林会　リゼクリニック　渋谷院,東京都,渋谷区,宇田川町13-8 ちとせ会館 1F,,皮膚科美容,10：00〜20：00（休憩60分）,土,70000
2021/03/27,医療法人社団　風林会　リゼクリニック　渋谷院,東京都,渋谷区,宇田川町13-8 ちとせ会館 1F,,皮膚科美容,10：00〜20：00（休憩60分）,土,70000
2021/03/30,医療法人社団　風林会　リゼクリニック　渋谷院,東京都,渋谷区,宇田川町13-8 ちとせ会館 1F,,皮膚科美容,10：00〜20：00（休憩60分）,火,70000
2021/03/01,医療法人社団　風林会　メンズリゼクリニック　大宮院,埼玉県,さいたま市大宮区,桜木町4-209 第3バーディートライビル5F,,科目不問皮膚科美容,10：00〜20：00（休憩60分）,月,70000
2021/03/15,医療法人社団　風林会　メンズリゼクリニック　大宮院,埼玉県,さいたま市大宮区,桜木町4-209 第3バーディートライビル5F,,科目不問皮膚科美容,10：00〜20：00（休憩60分）,月,70000
2021/03/22,医療法人社団　風林会　メンズリゼクリニック　大宮院,埼玉県,さいたま市大宮区,桜木町4-209 第3バーディートライビル5F,,科目不問皮膚科美容,10：00〜20：00（休憩60分）,月,70000
2021/03/29,医療法人社団　風林会　メンズリゼクリニック　大宮院,埼玉県,さいたま市大宮区,桜木町4-209 第3バーディートライビル5F,,科目不問皮膚科美容,10：00〜20：00（休憩60分）,月,70000
2021/03/04,医療法人社団　風林会　メンズリゼクリニック　大宮院,埼玉県,さいたま市大宮区,桜木町4-209 第3バーディートライビル5F,,科目不問皮膚科美容,10：00〜20：00（休憩60分）,木,70000
2021/03/02,医療法人社団　風林会　リゼクリニック　大宮院,埼玉県,さいたま市大宮区,宮町2-28 あじせんビル7F,,美容皮膚科科目不問,10：00〜20：00（休憩60分）,火,70000
2021/03/03,医療法人社団　風林会　リゼクリニック　大宮院,埼玉県,さいたま市大宮区,宮町2-28 あじせんビル7F,,美容皮膚科科目不問,10：00〜20：00（休憩60分）,水,70000
2021/03/08,医療法人社団　風林会　リゼクリニック　大宮院,埼玉県,さいたま市大宮区,宮町2-28 あじせんビル7F,,美容皮膚科科目不問,10：00〜20：00（休憩60分）,月,70000
2021/03/10,医療法人社団　風林会　リゼクリニック　大宮院,埼玉県,さいたま市大宮区,宮町2-28 あじせんビル7F,,美容皮膚科科目不問,10：00〜20：00（休憩60分）,水,70000
2021/03/12,医療法人社団　風林会　リゼクリニック　大宮院,埼玉県,さいたま市大宮区,宮町2-28 あじせんビル7F,,美容皮膚科科目不問,10：00〜20：00（休憩60分）,金,70000
2021/03/16,医療法人社団　風林会　リゼクリニック　大宮院,埼玉県,さいたま市大宮区,宮町2-28 あじせんビル7F,,美容皮膚科科目不問,10：00〜20：00（休憩60分）,火,70000
2021/03/19,医療法人社団　風林会　リゼクリニック　大宮院,埼玉県,さいたま市大宮区,宮町2-28 あじせんビル7F,,美容皮膚科科目不問,10：00〜20：00（休憩60分）,金,70000
2021/03/24,医療法人社団　風林会　リゼクリニック　大宮院,埼玉県,さいたま市大宮区,宮町2-28 あじせんビル7F,,美容皮膚科科目不問,10：00〜20：00（休憩60分）,水,70000
2021/03/26,医療法人社団　風林会　リゼクリニック　大宮院,埼玉県,さいたま市大宮区,宮町2-28 あじせんビル7F,,美容皮膚科科目不問,10：00〜20：00（休憩60分）,金,70000
2021/03/30,医療法人社団　風林会　リゼクリニック　大宮院,埼玉県,さいたま市大宮区,宮町2-28 あじせんビル7F,,美容皮膚科科目不問,10：00〜20：00（休憩60分）,火,70000
2021/03/09,医療法人社団　風林会　リゼクリニック　銀座院,東京都,中央区,銀座8-8-8  銀座888ビル10F,,科目不問皮膚科美容,10：00〜20：00（休憩60分）,火,70000
2021/03/17,医療法人社団　風林会　リゼクリニック　銀座院,東京都,中央区,銀座8-8-8  銀座888ビル10F,,科目不問皮膚科美容,10：00〜20：00（休憩60分）,水,70000
2021/03/30,医療法人社団　風林会　リゼクリニック　銀座院,東京都,中央区,銀座8-8-8  銀座888ビル10F,,科目不問皮膚科美容,10：00〜20：00（休憩60分）,火,70000
2021/03/13,医療法人社団　風林会　リゼクリニック　柏院,千葉県,柏市,柏 1-4-26 第二藤川ビル2F,,科目不問皮膚科美容,10：00〜20：00（休憩60分）,土,70000
2021/03/20,医療法人社団　風林会　リゼクリニック　柏院,千葉県,柏市,柏 1-4-26 第二藤川ビル2F,,科目不問皮膚科美容,10：00〜20：00（休憩60分）,土,70000
2021/03/02,医療法人社団　風林会　リゼクリニック　柏院,千葉県,柏市,柏 1-4-26 第二藤川ビル2F,,科目不問皮膚科美容,10：00〜20：00（休憩60分）,火,70000
2021/03/08,医療法人社団　長生会　長生病院,東京都,青梅市,小曾木1-3438,120,一般内科,17：00〜翌9：00,月,35000
2021/03/09,医療法人社団　風林会　リゼクリニック　柏院,千葉県,柏市,柏 1-4-26 第二藤川ビル2F,,科目不問皮膚科美容,10：00〜20：00（休憩60分）,火,70000
2021/03/23,医療法人社団　風林会　リゼクリニック　柏院,千葉県,柏市,柏 1-4-26 第二藤川ビル2F,,科目不問皮膚科美容,10：00〜20：00（休憩60分）,火,70000
2021/03/10,医療法人社団　風林会　リゼクリニック　柏院,千葉県,柏市,柏 1-4-26 第二藤川ビル2F,,科目不問皮膚科美容,10：00〜20：00（休憩60分）,水,70000
2021/03/15,医療法人社団　長生会　長生病院,東京都,青梅市,小曾木1-3438,120,一般内科,17：00〜翌9：00,月,35000
2021/03/17,医療法人社団　風林会　リゼクリニック　柏院,千葉県,柏市,柏 1-4-26 第二藤川ビル2F,,科目不問皮膚科美容,10：00〜20：00（休憩60分）,水,70000
2021/03/31,医療法人社団　風林会　リゼクリニック　柏院,千葉県,柏市,柏 1-4-26 第二藤川ビル2F,,科目不問皮膚科美容,10：00〜20：00（休憩60分）,水,70000
2021/03/02,医療法人社団　風林会　リゼクリニック　町田院,東京都,町田市,原町田4-11-14 コロンブスビル8F,,科目不問皮膚科美容,10：00〜20：00（休憩60分）,火,70000
2021/03/21,医療法人社団　風林会　リゼクリニック　立川院,東京都,立川市,柴崎町3-6-23 LXビル3F,,科目不問皮膚科美容,10：00〜20：00（休憩60分）,日,70000
2021/03/22,医療法人社団　長生会　長生病院,東京都,青梅市,小曾木1-3438,120,一般内科,17：00〜翌9：00,月,35000
2021/03/29,医療法人社団　長生会　長生病院,東京都,青梅市,小曾木1-3438,120,一般内科,17：00〜翌9：00,月,35000
2021/03/02,医療法人社団　長生会　長生病院,東京都,青梅市,小曾木1-3438,120,一般内科,17：00〜翌9：00,火,35000
2021/03/09,医療法人社団　長生会　長生病院,東京都,青梅市,小曾木1-3438,120,一般内科,17：00〜翌9：00,火,35000
2021/03/23,医療法人社団　長生会　長生病院,東京都,青梅市,小曾木1-3438,120,一般内科,17：00〜翌9：00,火,35000
2021/03/07,医療法人社団　大日会　太陽こども病院,東京都,昭島市,松原町1-2-1,33,小児科,9：00〜18：00,日,80000
2021/03/14,医療法人社団　大日会　太陽こども病院,東京都,昭島市,松原町1-2-1,33,小児科,9：00〜18：00,日,80000
2021/03/20,医療法人社団　大日会　太陽こども病院,東京都,昭島市,松原町1-2-1,33,小児科,9：00〜18：00,土,80000
2021/03/28,医療法人社団　大日会　太陽こども病院,東京都,昭島市,松原町1-2-1,33,小児科,9：00〜18：00,日,80000
2021/03/07,医療法人社団　大日会　太陽こども病院,東京都,昭島市,松原町1-2-1,33,小児科,18：00〜翌9：00,日,95000
2021/03/14,医療法人社団　大日会　太陽こども病院,東京都,昭島市,松原町1-2-1,33,小児科,18：00〜翌9：00,日,95000
2021/03/28,医療法人社団　大日会　太陽こども病院,東京都,昭島市,松原町1-2-1,33,小児科,18：00〜翌9：00,日,95000
2021/02/25,医療法人社団　大日会　太陽こども病院,東京都,昭島市,松原町1-2-1,33,小児科,19：00〜翌9：00,木,80000
2021/03/05,医療法人社団　大日会　太陽こども病院,東京都,昭島市,松原町1-2-1,33,小児科,19：00〜翌9：00,金,80000
2021/03/26,医療法人社団　大日会　太陽こども病院,東京都,昭島市,松原町1-2-1,33,小児科,19：00〜翌9：00,金,80000
2021/04/01,社会福祉法人　康和会　久我山病院,東京都,世田谷区,北烏山2-14-20,199,一般内科,17：00〜翌9：00,木,55000
2021/04/08,社会福祉法人　康和会　久我山病院,東京都,世田谷区,北烏山2-14-20,199,一般内科,17：00〜翌9：00,木,55000
2021/04/15,社会福祉法人　康和会　久我山病院,東京都,世田谷区,北烏山2-14-20,199,一般内科,17：00〜翌9：00,木,55000
2021/04/22,社会福祉法人　康和会　久我山病院,東京都,世田谷区,北烏山2-14-20,199,一般内科,17：00〜翌9：00,木,55000
2021/02/25,医療法人　横浜未来ヘルスケアシステム　戸塚共立第2病院,神奈川県,横浜市戸塚区,吉田町 579-1,97,整形外科,14：00〜17：30（受付終了16：30）,木,40000
2021/03/18,医療法人　横浜未来ヘルスケアシステム　戸塚共立第2病院,神奈川県,横浜市戸塚区,吉田町 579-1,97,整形外科,14：00〜17：30（受付終了16：30）,木,40000
2021/03/25,医療法人　横浜未来ヘルスケアシステム　戸塚共立第2病院,神奈川県,横浜市戸塚区,吉田町 579-1,97,整形外科,14：00〜17：30（受付終了16：30）,木,40000
2021/03/20,医療法人社団　青葉会　一橋病院,東京都,小平市,学園西町 1-2-25,99,一般外科整形外科,9：00〜（月）7：00,土,260000
2021/03/13,医療法人明星会　東条病院,千葉県,鴨川市,鴨川市広場1615番地,112,一般内科,8：30〜17：00,土,100000
2021/03/27,医療法人明星会　東条病院,千葉県,鴨川市,鴨川市広場1615番地,112,一般内科,8：30〜17：00,土,100000
2021/02/03,コンフォート君津クリニック,千葉県,木更津市,畑沢南 6-26-3,,一般内科在宅診療,9：00〜13：00,水,40000
2021/04/07,医療法人　新青会　川口工業総合病院,埼玉県,川口市,青木1-18-15,199,一般内科,8：30〜翌8：30,水,155000
2021/04/14,医療法人　新青会　川口工業総合病院,埼玉県,川口市,青木1-18-15,199,一般内科,8：30〜翌8：30,水,155000
2021/04/21,医療法人　新青会　川口工業総合病院,埼玉県,川口市,青木1-18-15,199,一般内科,8：30〜翌8：30,水,155000
2021/04/28,医療法人　新青会　川口工業総合病院,埼玉県,川口市,青木1-18-15,199,一般内科,8：30〜翌祝9：00,水,155500
2021/02/17,医療法人　新青会　川口工業総合病院,埼玉県,川口市,青木1-18-15,199,一般内科,17：00〜翌8：30,水,70000
2021/03/02,医療法人　新青会　川口工業総合病院,埼玉県,川口市,青木1-18-15,199,一般内科一般外科,17：00〜翌8：30,火,65000
2021/03/16,医療法人　新青会　川口工業総合病院,埼玉県,川口市,青木1-18-15,199,一般内科一般外科,17：00〜翌8：30,火,65000
2021/04/29,医療法人　横浜未来ヘルスケアシステム　戸塚共立第2病院,神奈川県,横浜市戸塚区,吉田町 579-1,97,一般内科,9：00〜翌7：00,木,105000
2021/04/01,医療法人　横浜未来ヘルスケアシステム　戸塚共立第2病院,神奈川県,横浜市戸塚区,吉田町 579-1,97,整形外科,19：00〜翌7：00,木,50000
2021/04/29,医療法人　横浜未来ヘルスケアシステム　戸塚共立第2病院,神奈川県,横浜市戸塚区,吉田町 579-1,97,整形外科,9：00〜翌7：00,木,105000
2021/02/05,埼玉医療生活協同組合　羽生総合病院,埼玉県,羽生市,下岩瀬446,311,人工透析一般内科,16：30〜22：00,金,60000
2021/03/28,医療法人社団 青翠会　武蔵野皮フ科クリニック,東京都,武蔵野市,西久保1-5-7セザイビル1F,,皮膚科,9：00〜13：00（受付終了13：00）,日,40000
2021/03/06,医療法人社団　青翠会　武蔵野皮フ科クリニック　国立分院,東京都,国立市,中1-10-9 麒麟館ガーデン2F,,皮膚科,9：00〜13：00（受付終了13：00）,土,40000
2021/03/13,医療法人社団　青翠会　武蔵野皮フ科クリニック　国立分院,東京都,国立市,中1-10-9 麒麟館ガーデン2F,,皮膚科,9：00〜13：00（受付終了13：00）,土,40000
2021/03/27,医療法人社団　青翠会　武蔵野皮フ科クリニック　国立分院,東京都,国立市,中1-10-9 麒麟館ガーデン2F,,皮膚科,9：00〜13：00（受付終了13：00）,土,40000
2021/02/12,医療法人社団　千葉秀心会　東船橋病院,千葉県,船橋市,高根台4-29-1,98,一般内科消化器内科一般外科消化器外科,9：00〜12：00,金,50000
2021/02/09,医療法人社団　松井病院,東京都,大田区,池上2-7-10,144,一般内科一般外科,19：00〜翌7：30,火,45000
2021/02/08,医療法人社団　福寿会　慈英会病院,東京都,足立区,西新井栄町2-8-6,48,一般内科在宅診療,9：00〜12：30/14：00〜17：30,月,80000
2021/02/09,医療法人社団　福寿会　慈英会病院,東京都,足立区,西新井栄町2-8-6,48,一般内科在宅診療,9：00〜12：30/14：00〜17：30,火,80000
2021/02/10,医療法人社団　福寿会　慈英会病院,東京都,足立区,西新井栄町2-8-6,48,一般内科在宅診療,9：00〜12：30/14：00〜17：30,水,80000
2021/02/12,医療法人社団　福寿会　慈英会病院,東京都,足立区,西新井栄町2-8-6,48,一般内科在宅診療,9：00〜12：30,金,40000
